date,scope,index_level,models
2026-08-07,all,100.000,2213
2026-08-08,all,99.993,1275
2026-08-09,all,99.993,1271
2026-08-10,all,99.993,1265
2026-08-11,all,99.993,1272
2026-08-12,all,99.995,1220
2026-08-14,all,99.974,1355
2026-08-15,all,99.972,1420
2026-08-16,all,99.972,1427
2026-08-17,all,99.972,1426
2026-08-18,all,99.972,1432
2026-08-19,all,99.972,1430
2026-08-20,all,99.969,1435
2026-08-21,all,99.978,1436
2026-08-22,all,99.977,1436
2026-08-23,all,99.977,1439
2026-08-24,all,99.977,1437
2026-08-25,all,99.977,1431
2026-08-26,all,99.966,1425
2026-08-27,all,99.965,1426
2026-08-28,all,99.961,1437
2026-08-30,all,99.872,1427
2026-08-31,all,99.872,1455
2026-09-01,all,99.872,1464
2026-09-02,all,99.873,1459
2026-09-03,all,99.865,1443
2026-09-04,all,99.857,1441
2026-09-05,all,99.860,1567
2026-09-06,all,99.858,1563
2026-09-07,all,99.858,1566
2026-09-08,all,99.858,1564
2026-09-09,all,99.862,1565
2026-09-11,all,99.799,1533
2026-09-12,all,99.799,1566
2026-09-13,all,99.799,1575
2026-09-14,all,99.799,1568
2026-09-15,all,99.788,1548
2026-09-16,all,99.774,1569
2026-09-17,all,99.774,1573
2026-09-19,all,99.687,1543
2026-09-20,all,99.687,1565
2026-09-21,all,99.687,1567
2026-09-22,all,99.687,1566
2026-09-23,all,99.694,1456
2026-09-24,all,99.689,1497
2026-09-25,all,99.657,1499
2026-09-26,all,99.643,1604
2026-09-27,all,99.629,1847
2026-09-28,all,99.627,1866
2026-08-07,used-samsung-galaxy-prices,100.000,40
2026-08-08,used-samsung-galaxy-prices,95.161,40
2026-08-09,used-samsung-galaxy-prices,86.113,40
2026-08-10,used-samsung-galaxy-prices,86.113,40
2026-08-11,used-samsung-galaxy-prices,92.265,40
2026-08-12,used-samsung-galaxy-prices,92.265,40
2026-08-14,used-samsung-galaxy-prices,103.097,40
2026-08-15,used-samsung-galaxy-prices,100.685,40
2026-08-16,used-samsung-galaxy-prices,103.156,40
2026-08-17,used-samsung-galaxy-prices,103.156,40
2026-08-18,used-samsung-galaxy-prices,103.156,40
2026-08-19,used-samsung-galaxy-prices,95.765,40
2026-08-20,used-samsung-galaxy-prices,88.756,40
2026-08-21,used-samsung-galaxy-prices,88.756,40
2026-08-22,used-samsung-galaxy-prices,88.756,40
2026-08-23,used-samsung-galaxy-prices,88.756,40
2026-08-24,used-samsung-galaxy-prices,96.366,40
2026-08-25,used-samsung-galaxy-prices,96.366,40
2026-08-26,used-samsung-galaxy-prices,84.322,40
2026-08-27,used-samsung-galaxy-prices,84.322,40
2026-08-28,used-samsung-galaxy-prices,84.322,40
2026-08-30,used-samsung-galaxy-prices,84.322,40
2026-08-31,used-samsung-galaxy-prices,89.592,40
2026-09-01,used-samsung-galaxy-prices,92.911,40
2026-09-02,used-samsung-galaxy-prices,92.911,40
2026-09-03,used-samsung-galaxy-prices,92.911,40
2026-09-04,used-samsung-galaxy-prices,97.472,40
2026-09-05,used-samsung-galaxy-prices,93.270,40
2026-09-06,used-samsung-galaxy-prices,95.546,40
2026-09-07,used-samsung-galaxy-prices,88.479,40
2026-09-08,used-samsung-galaxy-prices,88.486,40
2026-09-09,used-samsung-galaxy-prices,88.481,40
2026-09-11,used-samsung-galaxy-prices,84.293,40
2026-09-12,used-samsung-galaxy-prices,87.715,40
2026-09-13,used-samsung-galaxy-prices,87.171,40
2026-09-14,used-samsung-galaxy-prices,87.584,40
2026-09-15,used-samsung-galaxy-prices,88.340,40
2026-09-16,used-samsung-galaxy-prices,87.386,40
2026-09-17,used-samsung-galaxy-prices,88.006,40
2026-09-19,used-samsung-galaxy-prices,87.750,40
2026-09-20,used-samsung-galaxy-prices,87.447,40
2026-09-21,used-samsung-galaxy-prices,83.877,40
2026-09-22,used-samsung-galaxy-prices,79.218,40
2026-09-23,used-samsung-galaxy-prices,79.218,40
2026-09-24,used-samsung-galaxy-prices,77.862,40
2026-09-25,used-samsung-galaxy-prices,75.679,40
2026-09-26,used-samsung-galaxy-prices,75.689,40
2026-09-27,used-samsung-galaxy-prices,75.161,40
2026-09-28,used-samsung-galaxy-prices,74.937,40
2026-08-07,dyson-prices,100.000,17
2026-08-08,dyson-prices,100.000,17
2026-08-09,dyson-prices,100.000,17
2026-08-10,dyson-prices,100.000,17
2026-08-11,dyson-prices,100.000,17
2026-08-12,dyson-prices,100.000,17
2026-08-14,dyson-prices,100.000,17
2026-08-15,dyson-prices,100.000,17
2026-08-16,dyson-prices,100.000,17
2026-08-17,dyson-prices,100.000,17
2026-08-18,dyson-prices,100.000,17
2026-08-19,dyson-prices,100.000,17
2026-08-20,dyson-prices,100.000,17
2026-08-21,dyson-prices,100.000,17
2026-08-22,dyson-prices,100.000,17
2026-08-23,dyson-prices,100.000,17
2026-08-24,dyson-prices,100.000,17
2026-08-25,dyson-prices,100.000,17
2026-08-26,dyson-prices,100.000,17
2026-08-27,dyson-prices,100.000,17
2026-08-28,dyson-prices,100.000,17
2026-08-30,dyson-prices,100.000,17
2026-08-31,dyson-prices,100.000,17
2026-09-01,dyson-prices,100.000,17
2026-09-02,dyson-prices,100.000,17
2026-09-03,dyson-prices,100.000,17
2026-09-05,dyson-prices,100.000,17
2026-09-06,dyson-prices,100.000,17
2026-09-07,dyson-prices,100.000,17
2026-09-08,dyson-prices,100.000,17
2026-09-09,dyson-prices,105.836,17
2026-09-11,dyson-prices,105.836,17
2026-09-12,dyson-prices,105.836,17
2026-09-13,dyson-prices,105.836,17
2026-09-14,dyson-prices,105.836,17
2026-09-15,dyson-prices,105.836,17
2026-09-16,dyson-prices,105.836,17
2026-09-17,dyson-prices,105.836,17
2026-09-19,dyson-prices,105.836,17
2026-09-20,dyson-prices,96.618,17
2026-09-21,dyson-prices,96.618,17
2026-09-22,dyson-prices,96.618,17
2026-09-23,dyson-prices,75.481,17
2026-09-25,dyson-prices,75.481,17
2026-09-26,dyson-prices,75.481,17
2026-09-28,dyson-prices,75.481,17
2026-08-07,used-projector-prices,100.000,28
2026-08-08,used-projector-prices,99.999,28
2026-08-09,used-projector-prices,99.999,28
2026-08-10,used-projector-prices,99.999,28
2026-08-11,used-projector-prices,99.999,28
2026-08-12,used-projector-prices,100.013,28
2026-08-14,used-projector-prices,99.998,28
2026-08-15,used-projector-prices,99.998,28
2026-08-16,used-projector-prices,99.998,28
2026-08-17,used-projector-prices,94.556,28
2026-08-18,used-projector-prices,94.556,28
2026-08-19,used-projector-prices,91.862,28
2026-08-20,used-projector-prices,91.862,28
2026-08-21,used-projector-prices,91.862,28
2026-08-22,used-projector-prices,89.701,28
2026-08-23,used-projector-prices,89.701,28
2026-08-24,used-projector-prices,89.701,28
2026-08-25,used-projector-prices,89.855,28
2026-08-26,used-projector-prices,89.855,28
2026-08-27,used-projector-prices,89.961,28
2026-08-28,used-projector-prices,89.961,28
2026-08-30,used-projector-prices,89.961,28
2026-08-31,used-projector-prices,89.961,28
2026-09-01,used-projector-prices,89.961,28
2026-09-02,used-projector-prices,89.273,28
2026-09-03,used-projector-prices,85.399,28
2026-09-04,used-projector-prices,85.395,28
2026-09-05,used-projector-prices,84.665,28
2026-09-06,used-projector-prices,84.594,28
2026-09-07,used-projector-prices,84.594,28
2026-09-08,used-projector-prices,84.594,28
2026-09-09,used-projector-prices,84.594,28
2026-09-11,used-projector-prices,84.441,28
2026-09-12,used-projector-prices,84.239,28
2026-09-13,used-projector-prices,84.237,28
2026-09-14,used-projector-prices,84.237,28
2026-09-15,used-projector-prices,84.237,28
2026-09-16,used-projector-prices,84.237,28
2026-09-17,used-projector-prices,84.237,28
2026-09-19,used-projector-prices,84.197,28
2026-09-20,used-projector-prices,84.197,28
2026-09-21,used-projector-prices,84.197,28
2026-09-22,used-projector-prices,83.758,28
2026-09-23,used-projector-prices,83.434,28
2026-09-24,used-projector-prices,83.428,28
2026-09-25,used-projector-prices,83.428,28
2026-09-26,used-projector-prices,83.327,28
2026-09-27,used-projector-prices,83.327,28
2026-09-28,used-projector-prices,83.327,28
2026-08-07,used-office-chair-prices,100.000,10
2026-08-08,used-office-chair-prices,100.000,10
2026-08-09,used-office-chair-prices,100.000,10
2026-08-10,used-office-chair-prices,100.000,10
2026-08-11,used-office-chair-prices,100.000,10
2026-08-12,used-office-chair-prices,100.315,10
2026-08-14,used-office-chair-prices,100.473,10
2026-08-15,used-office-chair-prices,100.473,10
2026-08-16,used-office-chair-prices,97.962,10
2026-08-17,used-office-chair-prices,101.460,10
2026-08-18,used-office-chair-prices,97.837,10
2026-08-19,used-office-chair-prices,97.837,10
2026-08-20,used-office-chair-prices,97.837,10
2026-08-21,used-office-chair-prices,97.837,10
2026-08-22,used-office-chair-prices,98.489,10
2026-08-23,used-office-chair-prices,96.019,10
2026-08-24,used-office-chair-prices,96.659,10
2026-08-25,used-office-chair-prices,96.047,10
2026-08-26,used-office-chair-prices,96.047,10
2026-08-27,used-office-chair-prices,94.938,10
2026-08-28,used-office-chair-prices,92.564,10
2026-08-30,used-office-chair-prices,92.486,10
2026-08-31,used-office-chair-prices,92.486,10
2026-09-01,used-office-chair-prices,93.066,10
2026-09-02,used-office-chair-prices,91.195,10
2026-09-03,used-office-chair-prices,91.975,10
2026-09-04,used-office-chair-prices,92.340,10
2026-09-05,used-office-chair-prices,89.775,10
2026-09-06,used-office-chair-prices,88.944,10
2026-09-07,used-office-chair-prices,88.944,10
2026-09-08,used-office-chair-prices,88.944,10
2026-09-09,used-office-chair-prices,88.944,10
2026-09-11,used-office-chair-prices,88.944,10
2026-09-12,used-office-chair-prices,88.944,10
2026-09-13,used-office-chair-prices,88.944,10
2026-09-14,used-office-chair-prices,88.944,10
2026-09-15,used-office-chair-prices,88.944,10
2026-09-16,used-office-chair-prices,88.944,10
2026-09-17,used-office-chair-prices,88.944,10
2026-09-19,used-office-chair-prices,88.944,10
2026-09-20,used-office-chair-prices,88.944,10
2026-09-21,used-office-chair-prices,88.944,10
2026-09-22,used-office-chair-prices,88.944,10
2026-09-23,used-office-chair-prices,87.963,10
2026-09-24,used-office-chair-prices,87.963,10
2026-09-25,used-office-chair-prices,87.963,10
2026-09-26,used-office-chair-prices,85.520,10
2026-09-27,used-office-chair-prices,85.520,10
2026-09-28,used-office-chair-prices,85.520,10
2026-08-07,gopro-prices,100.000,18
2026-08-08,gopro-prices,100.000,18
2026-08-09,gopro-prices,100.000,18
2026-08-10,gopro-prices,99.428,18
2026-08-11,gopro-prices,99.428,18
2026-08-12,gopro-prices,97.991,18
2026-08-14,gopro-prices,97.569,18
2026-08-15,gopro-prices,97.563,18
2026-08-16,gopro-prices,98.175,18
2026-08-17,gopro-prices,98.174,18
2026-08-18,gopro-prices,97.486,18
2026-08-19,gopro-prices,97.486,18
2026-08-20,gopro-prices,96.273,18
2026-08-21,gopro-prices,96.317,18
2026-08-22,gopro-prices,97.515,18
2026-08-23,gopro-prices,97.515,18
2026-08-24,gopro-prices,98.153,18
2026-08-25,gopro-prices,98.711,18
2026-08-26,gopro-prices,95.007,18
2026-08-27,gopro-prices,93.257,18
2026-08-28,gopro-prices,93.529,18
2026-08-30,gopro-prices,93.949,18
2026-08-31,gopro-prices,94.655,18
2026-09-01,gopro-prices,93.074,18
2026-09-02,gopro-prices,92.883,18
2026-09-03,gopro-prices,93.362,18
2026-09-04,gopro-prices,92.877,18
2026-09-05,gopro-prices,92.897,18
2026-09-06,gopro-prices,95.025,18
2026-09-07,gopro-prices,94.198,18
2026-09-08,gopro-prices,94.088,18
2026-09-09,gopro-prices,93.101,18
2026-09-11,gopro-prices,92.847,18
2026-09-12,gopro-prices,92.791,18
2026-09-13,gopro-prices,93.460,18
2026-09-14,gopro-prices,93.517,18
2026-09-15,gopro-prices,91.438,18
2026-09-16,gopro-prices,90.050,18
2026-09-17,gopro-prices,90.820,18
2026-09-19,gopro-prices,85.917,18
2026-09-20,gopro-prices,86.978,18
2026-09-21,gopro-prices,86.405,18
2026-09-22,gopro-prices,86.371,18
2026-09-23,gopro-prices,86.368,18
2026-09-24,gopro-prices,86.368,18
2026-09-25,gopro-prices,85.694,18
2026-09-26,gopro-prices,85.454,18
2026-09-27,gopro-prices,85.665,18
2026-09-28,gopro-prices,85.575,18
2026-08-07,acoustic-guitar-prices,100.000,25
2026-08-08,acoustic-guitar-prices,99.960,25
2026-08-09,acoustic-guitar-prices,99.960,25
2026-08-10,acoustic-guitar-prices,99.960,25
2026-08-11,acoustic-guitar-prices,99.962,25
2026-08-12,acoustic-guitar-prices,88.277,25
2026-08-14,acoustic-guitar-prices,88.277,25
2026-08-15,acoustic-guitar-prices,88.274,25
2026-08-16,acoustic-guitar-prices,88.279,25
2026-08-17,acoustic-guitar-prices,88.255,25
2026-08-18,acoustic-guitar-prices,87.794,25
2026-08-19,acoustic-guitar-prices,87.641,25
2026-08-20,acoustic-guitar-prices,87.089,25
2026-08-21,acoustic-guitar-prices,87.112,25
2026-08-22,acoustic-guitar-prices,86.842,25
2026-08-23,acoustic-guitar-prices,87.079,25
2026-08-24,acoustic-guitar-prices,87.081,25
2026-08-25,acoustic-guitar-prices,87.080,25
2026-08-26,acoustic-guitar-prices,87.074,25
2026-08-27,acoustic-guitar-prices,86.901,25
2026-08-28,acoustic-guitar-prices,86.901,25
2026-08-30,acoustic-guitar-prices,86.916,25
2026-08-31,acoustic-guitar-prices,86.699,25
2026-09-01,acoustic-guitar-prices,86.675,25
2026-09-02,acoustic-guitar-prices,86.394,25
2026-09-03,acoustic-guitar-prices,86.384,25
2026-09-04,acoustic-guitar-prices,86.394,25
2026-09-05,acoustic-guitar-prices,87.227,25
2026-09-06,acoustic-guitar-prices,87.119,25
2026-09-07,acoustic-guitar-prices,87.131,25
2026-09-08,acoustic-guitar-prices,87.159,25
2026-09-09,acoustic-guitar-prices,87.321,25
2026-09-11,acoustic-guitar-prices,87.321,25
2026-09-12,acoustic-guitar-prices,86.942,25
2026-09-13,acoustic-guitar-prices,87.082,25
2026-09-14,acoustic-guitar-prices,87.199,25
2026-09-15,acoustic-guitar-prices,87.318,25
2026-09-16,acoustic-guitar-prices,86.912,25
2026-09-17,acoustic-guitar-prices,86.912,25
2026-09-19,acoustic-guitar-prices,87.385,25
2026-09-20,acoustic-guitar-prices,87.406,25
2026-09-21,acoustic-guitar-prices,87.406,25
2026-09-22,acoustic-guitar-prices,87.385,25
2026-09-23,acoustic-guitar-prices,87.256,25
2026-09-24,acoustic-guitar-prices,87.252,25
2026-09-25,acoustic-guitar-prices,87.146,25
2026-09-26,acoustic-guitar-prices,87.090,25
2026-09-27,acoustic-guitar-prices,87.111,25
2026-09-28,acoustic-guitar-prices,87.079,25
2026-08-07,camera-flash-prices,100.000,25
2026-08-08,camera-flash-prices,99.578,25
2026-08-09,camera-flash-prices,97.222,25
2026-08-10,camera-flash-prices,97.599,25
2026-08-11,camera-flash-prices,97.599,25
2026-08-12,camera-flash-prices,97.599,25
2026-08-14,camera-flash-prices,97.077,25
2026-08-15,camera-flash-prices,97.077,25
2026-08-16,camera-flash-prices,97.119,25
2026-08-17,camera-flash-prices,93.539,25
2026-08-18,camera-flash-prices,93.539,25
2026-08-19,camera-flash-prices,93.542,25
2026-08-20,camera-flash-prices,93.522,25
2026-08-21,camera-flash-prices,93.597,25
2026-08-22,camera-flash-prices,93.614,25
2026-08-23,camera-flash-prices,93.636,25
2026-08-24,camera-flash-prices,93.636,25
2026-08-25,camera-flash-prices,93.636,25
2026-08-26,camera-flash-prices,93.565,25
2026-08-27,camera-flash-prices,93.572,25
2026-08-28,camera-flash-prices,93.539,25
2026-08-30,camera-flash-prices,93.334,25
2026-08-31,camera-flash-prices,93.334,25
2026-09-01,camera-flash-prices,93.334,25
2026-09-02,camera-flash-prices,93.533,25
2026-09-03,camera-flash-prices,93.459,25
2026-09-04,camera-flash-prices,92.136,25
2026-09-05,camera-flash-prices,92.136,25
2026-09-06,camera-flash-prices,92.136,25
2026-09-07,camera-flash-prices,92.136,25
2026-09-08,camera-flash-prices,92.136,25
2026-09-09,camera-flash-prices,92.136,25
2026-09-11,camera-flash-prices,92.735,25
2026-09-12,camera-flash-prices,92.735,25
2026-09-13,camera-flash-prices,92.616,25
2026-09-14,camera-flash-prices,92.616,25
2026-09-15,camera-flash-prices,92.616,25
2026-09-16,camera-flash-prices,92.523,25
2026-09-17,camera-flash-prices,92.523,25
2026-09-19,camera-flash-prices,90.097,25
2026-09-20,camera-flash-prices,88.553,25
2026-09-21,camera-flash-prices,88.553,25
2026-09-22,camera-flash-prices,88.553,25
2026-09-23,camera-flash-prices,88.553,25
2026-09-24,camera-flash-prices,88.709,25
2026-09-25,camera-flash-prices,88.709,25
2026-09-26,camera-flash-prices,88.709,25
2026-09-27,camera-flash-prices,88.709,25
2026-09-28,camera-flash-prices,88.539,25
2026-08-07,used-ipad-prices,100.000,40
2026-08-08,used-ipad-prices,100.000,40
2026-08-09,used-ipad-prices,100.000,40
2026-08-10,used-ipad-prices,100.000,40
2026-08-11,used-ipad-prices,100.000,40
2026-08-12,used-ipad-prices,100.000,40
2026-08-14,used-ipad-prices,100.000,40
2026-08-15,used-ipad-prices,100.000,40
2026-08-16,used-ipad-prices,100.000,40
2026-08-17,used-ipad-prices,100.000,40
2026-08-18,used-ipad-prices,100.000,40
2026-08-19,used-ipad-prices,100.000,40
2026-08-20,used-ipad-prices,100.000,40
2026-08-21,used-ipad-prices,100.000,40
2026-08-22,used-ipad-prices,100.000,40
2026-08-23,used-ipad-prices,100.000,40
2026-08-24,used-ipad-prices,100.000,40
2026-08-25,used-ipad-prices,100.000,40
2026-08-26,used-ipad-prices,100.000,40
2026-08-27,used-ipad-prices,100.000,40
2026-08-28,used-ipad-prices,100.000,40
2026-08-30,used-ipad-prices,98.861,40
2026-08-31,used-ipad-prices,98.861,40
2026-09-01,used-ipad-prices,100.013,40
2026-09-02,used-ipad-prices,99.102,40
2026-09-03,used-ipad-prices,93.583,40
2026-09-04,used-ipad-prices,99.448,40
2026-09-05,used-ipad-prices,99.448,40
2026-09-06,used-ipad-prices,99.448,40
2026-09-07,used-ipad-prices,94.118,40
2026-09-08,used-ipad-prices,92.121,40
2026-09-09,used-ipad-prices,94.256,40
2026-09-11,used-ipad-prices,92.569,40
2026-09-12,used-ipad-prices,93.561,40
2026-09-13,used-ipad-prices,93.880,40
2026-09-14,used-ipad-prices,94.325,40
2026-09-15,used-ipad-prices,94.325,40
2026-09-16,used-ipad-prices,94.564,40
2026-09-17,used-ipad-prices,94.983,40
2026-09-19,used-ipad-prices,94.983,40
2026-09-20,used-ipad-prices,94.921,40
2026-09-21,used-ipad-prices,89.772,40
2026-09-22,used-ipad-prices,89.831,40
2026-09-23,used-ipad-prices,89.831,40
2026-09-24,used-ipad-prices,88.553,40
2026-09-25,used-ipad-prices,89.705,40
2026-09-26,used-ipad-prices,90.486,40
2026-09-27,used-ipad-prices,90.644,40
2026-09-28,used-ipad-prices,90.646,40
2026-08-07,used-iphone-prices,100.000,40
2026-08-08,used-iphone-prices,91.093,40
2026-08-09,used-iphone-prices,91.093,40
2026-08-10,used-iphone-prices,89.069,40
2026-08-11,used-iphone-prices,89.069,40
2026-08-12,used-iphone-prices,91.093,40
2026-08-14,used-iphone-prices,91.073,40
2026-08-15,used-iphone-prices,91.093,40
2026-08-16,used-iphone-prices,91.093,40
2026-08-17,used-iphone-prices,89.069,40
2026-08-18,used-iphone-prices,89.069,40
2026-08-19,used-iphone-prices,88.664,40
2026-08-20,used-iphone-prices,88.664,40
2026-08-21,used-iphone-prices,91.490,40
2026-08-22,used-iphone-prices,91.490,40
2026-08-23,used-iphone-prices,96.150,40
2026-08-24,used-iphone-prices,96.150,40
2026-08-25,used-iphone-prices,91.344,40
2026-08-26,used-iphone-prices,91.344,40
2026-08-27,used-iphone-prices,90.644,40
2026-08-28,used-iphone-prices,92.668,40
2026-08-30,used-iphone-prices,92.668,40
2026-08-31,used-iphone-prices,92.668,40
2026-09-01,used-iphone-prices,99.190,40
2026-09-02,used-iphone-prices,85.020,40
2026-09-03,used-iphone-prices,93.097,40
2026-09-04,used-iphone-prices,97.522,40
2026-09-05,used-iphone-prices,95.134,40
2026-09-06,used-iphone-prices,92.973,40
2026-09-07,used-iphone-prices,89.888,40
2026-09-08,used-iphone-prices,86.097,40
2026-09-09,used-iphone-prices,90.871,40
2026-09-11,used-iphone-prices,90.403,40
2026-09-12,used-iphone-prices,97.329,40
2026-09-13,used-iphone-prices,95.012,40
2026-09-14,used-iphone-prices,92.088,40
2026-09-15,used-iphone-prices,97.582,40
2026-09-16,used-iphone-prices,105.379,40
2026-09-17,used-iphone-prices,107.196,40
2026-09-19,used-iphone-prices,94.811,40
2026-09-20,used-iphone-prices,94.128,40
2026-09-21,used-iphone-prices,93.421,40
2026-09-22,used-iphone-prices,89.054,40
2026-09-23,used-iphone-prices,92.183,40
2026-09-24,used-iphone-prices,89.157,40
2026-09-25,used-iphone-prices,91.710,40
2026-09-26,used-iphone-prices,91.693,40
2026-09-27,used-iphone-prices,91.452,40
2026-09-28,used-iphone-prices,91.388,40
2026-08-07,golf-rangefinder-prices,100.000,22
2026-08-14,golf-rangefinder-prices,93.407,22
2026-08-15,golf-rangefinder-prices,100.585,22
2026-08-16,golf-rangefinder-prices,100.608,22
2026-08-17,golf-rangefinder-prices,95.912,22
2026-08-18,golf-rangefinder-prices,95.916,22
2026-08-19,golf-rangefinder-prices,100.739,22
2026-08-20,golf-rangefinder-prices,99.196,22
2026-08-21,golf-rangefinder-prices,97.706,22
2026-08-22,golf-rangefinder-prices,95.919,22
2026-08-23,golf-rangefinder-prices,95.894,22
2026-08-24,golf-rangefinder-prices,95.906,22
2026-08-25,golf-rangefinder-prices,91.998,22
2026-08-26,golf-rangefinder-prices,90.461,22
2026-08-27,golf-rangefinder-prices,90.443,22
2026-08-28,golf-rangefinder-prices,90.445,22
2026-08-30,golf-rangefinder-prices,88.162,22
2026-08-31,golf-rangefinder-prices,90.447,22
2026-09-01,golf-rangefinder-prices,90.431,22
2026-09-02,golf-rangefinder-prices,90.467,22
2026-09-03,golf-rangefinder-prices,90.421,22
2026-09-04,golf-rangefinder-prices,88.325,22
2026-09-05,golf-rangefinder-prices,91.189,22
2026-09-06,golf-rangefinder-prices,93.331,22
2026-09-07,golf-rangefinder-prices,94.023,22
2026-09-08,golf-rangefinder-prices,94.022,22
2026-09-09,golf-rangefinder-prices,95.662,22
2026-09-11,golf-rangefinder-prices,93.424,22
2026-09-12,golf-rangefinder-prices,90.603,22
2026-09-13,golf-rangefinder-prices,91.271,22
2026-09-14,golf-rangefinder-prices,91.006,22
2026-09-15,golf-rangefinder-prices,89.868,22
2026-09-16,golf-rangefinder-prices,88.685,22
2026-09-17,golf-rangefinder-prices,88.685,22
2026-09-19,golf-rangefinder-prices,87.781,22
2026-09-20,golf-rangefinder-prices,85.172,22
2026-09-21,golf-rangefinder-prices,88.641,22
2026-09-22,golf-rangefinder-prices,88.672,22
2026-09-23,golf-rangefinder-prices,87.791,22
2026-09-24,golf-rangefinder-prices,87.493,22
2026-09-25,golf-rangefinder-prices,87.493,22
2026-09-26,golf-rangefinder-prices,88.449,22
2026-09-27,golf-rangefinder-prices,92.622,22
2026-09-28,golf-rangefinder-prices,91.476,22
2026-08-07,used-pa-speaker-prices,100.000,11
2026-08-08,used-pa-speaker-prices,96.247,11
2026-08-09,used-pa-speaker-prices,98.033,11
2026-08-10,used-pa-speaker-prices,98.033,11
2026-08-11,used-pa-speaker-prices,98.033,11
2026-08-12,used-pa-speaker-prices,98.033,11
2026-08-14,used-pa-speaker-prices,98.033,11
2026-08-15,used-pa-speaker-prices,98.033,11
2026-08-16,used-pa-speaker-prices,96.845,11
2026-08-17,used-pa-speaker-prices,96.359,11
2026-08-18,used-pa-speaker-prices,96.538,11
2026-08-19,used-pa-speaker-prices,95.689,11
2026-08-20,used-pa-speaker-prices,97.735,11
2026-08-21,used-pa-speaker-prices,98.747,11
2026-08-22,used-pa-speaker-prices,98.038,11
2026-08-23,used-pa-speaker-prices,98.038,11
2026-08-24,used-pa-speaker-prices,96.757,11
2026-08-25,used-pa-speaker-prices,96.885,11
2026-08-26,used-pa-speaker-prices,96.885,11
2026-08-27,used-pa-speaker-prices,97.515,11
2026-08-28,used-pa-speaker-prices,97.515,11
2026-08-30,used-pa-speaker-prices,94.201,11
2026-08-31,used-pa-speaker-prices,92.775,11
2026-09-01,used-pa-speaker-prices,92.204,11
2026-09-02,used-pa-speaker-prices,91.179,11
2026-09-03,used-pa-speaker-prices,92.305,11
2026-09-04,used-pa-speaker-prices,92.305,11
2026-09-05,used-pa-speaker-prices,89.777,11
2026-09-06,used-pa-speaker-prices,91.615,11
2026-09-07,used-pa-speaker-prices,92.293,11
2026-09-08,used-pa-speaker-prices,91.652,11
2026-09-09,used-pa-speaker-prices,89.884,11
2026-09-11,used-pa-speaker-prices,92.751,11
2026-09-12,used-pa-speaker-prices,90.002,11
2026-09-13,used-pa-speaker-prices,92.093,11
2026-09-14,used-pa-speaker-prices,93.609,11
2026-09-15,used-pa-speaker-prices,94.106,11
2026-09-16,used-pa-speaker-prices,92.689,11
2026-09-17,used-pa-speaker-prices,92.595,11
2026-09-19,used-pa-speaker-prices,92.623,11
2026-09-20,used-pa-speaker-prices,92.623,11
2026-09-21,used-pa-speaker-prices,92.623,11
2026-09-22,used-pa-speaker-prices,92.623,11
2026-09-23,used-pa-speaker-prices,94.007,11
2026-09-24,used-pa-speaker-prices,94.007,11
2026-09-25,used-pa-speaker-prices,94.007,11
2026-09-26,used-pa-speaker-prices,93.184,11
2026-09-27,used-pa-speaker-prices,92.054,11
2026-09-28,used-pa-speaker-prices,92.054,11
2026-08-07,av-receiver-prices,100.000,19
2026-08-08,av-receiver-prices,100.000,19
2026-08-09,av-receiver-prices,100.000,19
2026-08-10,av-receiver-prices,99.519,19
2026-08-11,av-receiver-prices,99.334,19
2026-08-12,av-receiver-prices,99.334,19
2026-08-14,av-receiver-prices,99.574,19
2026-08-15,av-receiver-prices,99.329,19
2026-08-16,av-receiver-prices,99.329,19
2026-08-17,av-receiver-prices,99.329,19
2026-08-18,av-receiver-prices,99.329,19
2026-08-19,av-receiver-prices,97.311,19
2026-08-20,av-receiver-prices,97.311,19
2026-08-21,av-receiver-prices,97.677,19
2026-08-22,av-receiver-prices,98.209,19
2026-08-23,av-receiver-prices,98.209,19
2026-08-24,av-receiver-prices,98.209,19
2026-08-25,av-receiver-prices,99.211,19
2026-08-26,av-receiver-prices,97.611,19
2026-08-27,av-receiver-prices,97.608,19
2026-08-28,av-receiver-prices,97.031,19
2026-08-30,av-receiver-prices,97.483,19
2026-08-31,av-receiver-prices,95.073,19
2026-09-01,av-receiver-prices,95.334,19
2026-09-02,av-receiver-prices,95.334,19
2026-09-03,av-receiver-prices,94.899,19
2026-09-04,av-receiver-prices,94.899,19
2026-09-05,av-receiver-prices,94.899,19
2026-09-06,av-receiver-prices,94.888,19
2026-09-07,av-receiver-prices,94.216,19
2026-09-08,av-receiver-prices,93.843,19
2026-09-09,av-receiver-prices,93.983,19
2026-09-11,av-receiver-prices,94.194,19
2026-09-12,av-receiver-prices,95.869,19
2026-09-13,av-receiver-prices,95.869,19
2026-09-14,av-receiver-prices,95.869,19
2026-09-15,av-receiver-prices,95.869,19
2026-09-16,av-receiver-prices,95.665,19
2026-09-17,av-receiver-prices,95.665,19
2026-09-19,av-receiver-prices,93.785,19
2026-09-20,av-receiver-prices,93.785,19
2026-09-21,av-receiver-prices,93.562,19
2026-09-22,av-receiver-prices,93.558,19
2026-09-23,av-receiver-prices,93.558,19
2026-09-24,av-receiver-prices,94.993,19
2026-09-25,av-receiver-prices,94.988,19
2026-09-26,av-receiver-prices,92.643,19
2026-09-27,av-receiver-prices,92.643,19
2026-09-28,av-receiver-prices,92.643,19
2026-08-07,impact-wrench-prices,100.000,20
2026-08-08,impact-wrench-prices,100.000,20
2026-08-09,impact-wrench-prices,97.302,20
2026-08-10,impact-wrench-prices,97.302,20
2026-08-11,impact-wrench-prices,97.302,20
2026-08-12,impact-wrench-prices,97.302,20
2026-08-14,impact-wrench-prices,97.302,20
2026-08-15,impact-wrench-prices,98.038,20
2026-08-16,impact-wrench-prices,98.038,20
2026-08-17,impact-wrench-prices,98.038,20
2026-08-18,impact-wrench-prices,98.038,20
2026-08-19,impact-wrench-prices,98.038,20
2026-08-20,impact-wrench-prices,99.233,20
2026-08-21,impact-wrench-prices,99.233,20
2026-08-22,impact-wrench-prices,99.233,20
2026-08-23,impact-wrench-prices,99.956,20
2026-08-24,impact-wrench-prices,99.956,20
2026-08-25,impact-wrench-prices,99.231,20
2026-08-26,impact-wrench-prices,99.842,20
2026-08-27,impact-wrench-prices,97.390,20
2026-08-28,impact-wrench-prices,97.310,20
2026-08-30,impact-wrench-prices,95.095,20
2026-08-31,impact-wrench-prices,96.462,20
2026-09-01,impact-wrench-prices,96.462,20
2026-09-02,impact-wrench-prices,94.953,20
2026-09-03,impact-wrench-prices,95.322,20
2026-09-04,impact-wrench-prices,94.288,20
2026-09-05,impact-wrench-prices,94.832,20
2026-09-06,impact-wrench-prices,95.161,20
2026-09-07,impact-wrench-prices,94.679,20
2026-09-08,impact-wrench-prices,94.340,20
2026-09-09,impact-wrench-prices,94.349,20
2026-09-11,impact-wrench-prices,94.737,20
2026-09-12,impact-wrench-prices,95.747,20
2026-09-13,impact-wrench-prices,94.669,20
2026-09-14,impact-wrench-prices,97.958,20
2026-09-15,impact-wrench-prices,95.645,20
2026-09-16,impact-wrench-prices,97.507,20
2026-09-17,impact-wrench-prices,97.436,20
2026-09-19,impact-wrench-prices,97.776,20
2026-09-20,impact-wrench-prices,96.708,20
2026-09-21,impact-wrench-prices,96.434,20
2026-09-22,impact-wrench-prices,96.434,20
2026-09-23,impact-wrench-prices,94.370,20
2026-09-24,impact-wrench-prices,94.346,20
2026-09-25,impact-wrench-prices,94.318,20
2026-09-26,impact-wrench-prices,94.291,20
2026-09-27,impact-wrench-prices,94.019,20
2026-09-28,impact-wrench-prices,94.019,20
2026-08-07,electric-guitar-prices,100.000,40
2026-08-08,electric-guitar-prices,99.748,40
2026-08-09,electric-guitar-prices,99.748,40
2026-08-10,electric-guitar-prices,99.748,40
2026-08-11,electric-guitar-prices,100.629,40
2026-08-12,electric-guitar-prices,100.629,40
2026-08-14,electric-guitar-prices,100.210,40
2026-08-15,electric-guitar-prices,100.364,40
2026-08-16,electric-guitar-prices,100.364,40
2026-08-17,electric-guitar-prices,100.078,40
2026-08-18,electric-guitar-prices,99.972,40
2026-08-19,electric-guitar-prices,99.920,40
2026-08-20,electric-guitar-prices,99.920,40
2026-08-21,electric-guitar-prices,99.672,40
2026-08-22,electric-guitar-prices,99.672,40
2026-08-23,electric-guitar-prices,99.608,40
2026-08-24,electric-guitar-prices,99.608,40
2026-08-25,electric-guitar-prices,98.907,40
2026-08-26,electric-guitar-prices,99.009,40
2026-08-27,electric-guitar-prices,98.296,40
2026-08-28,electric-guitar-prices,97.888,40
2026-08-30,electric-guitar-prices,96.707,40
2026-08-31,electric-guitar-prices,96.214,40
2026-09-01,electric-guitar-prices,95.926,40
2026-09-02,electric-guitar-prices,96.401,40
2026-09-03,electric-guitar-prices,95.934,40
2026-09-04,electric-guitar-prices,95.726,40
2026-09-05,electric-guitar-prices,95.726,40
2026-09-06,electric-guitar-prices,95.726,40
2026-09-07,electric-guitar-prices,95.726,40
2026-09-08,electric-guitar-prices,95.664,40
2026-09-09,electric-guitar-prices,95.797,40
2026-09-11,electric-guitar-prices,95.197,40
2026-09-12,electric-guitar-prices,95.113,40
2026-09-13,electric-guitar-prices,95.113,40
2026-09-14,electric-guitar-prices,95.075,40
2026-09-15,electric-guitar-prices,95.474,40
2026-09-16,electric-guitar-prices,95.474,40
2026-09-17,electric-guitar-prices,95.474,40
2026-09-19,electric-guitar-prices,95.025,40
2026-09-20,electric-guitar-prices,95.813,40
2026-09-21,electric-guitar-prices,95.813,40
2026-09-22,electric-guitar-prices,94.892,40
2026-09-23,electric-guitar-prices,94.669,40
2026-09-24,electric-guitar-prices,94.659,40
2026-09-25,electric-guitar-prices,94.642,40
2026-09-26,electric-guitar-prices,94.617,40
2026-09-27,electric-guitar-prices,94.736,40
2026-09-28,electric-guitar-prices,94.404,40
2026-08-07,camera-prices,100.000,44
2026-08-08,camera-prices,99.746,44
2026-08-09,camera-prices,99.586,44
2026-08-10,camera-prices,99.759,44
2026-08-11,camera-prices,100.297,44
2026-08-12,camera-prices,100.954,44
2026-08-14,camera-prices,101.842,44
2026-08-15,camera-prices,100.196,44
2026-08-16,camera-prices,100.709,44
2026-08-17,camera-prices,100.709,44
2026-08-18,camera-prices,99.823,44
2026-08-19,camera-prices,99.639,44
2026-08-20,camera-prices,97.221,44
2026-08-21,camera-prices,97.398,44
2026-08-22,camera-prices,97.470,44
2026-08-23,camera-prices,97.298,44
2026-08-24,camera-prices,97.079,44
2026-08-25,camera-prices,97.402,44
2026-08-26,camera-prices,97.695,44
2026-08-27,camera-prices,98.623,44
2026-08-28,camera-prices,98.623,44
2026-08-30,camera-prices,98.476,44
2026-08-31,camera-prices,98.827,44
2026-09-01,camera-prices,98.827,44
2026-09-02,camera-prices,98.175,44
2026-09-03,camera-prices,98.152,44
2026-09-04,camera-prices,98.550,44
2026-09-05,camera-prices,97.556,44
2026-09-06,camera-prices,97.128,44
2026-09-07,camera-prices,96.508,44
2026-09-08,camera-prices,96.794,44
2026-09-09,camera-prices,96.507,44
2026-09-11,camera-prices,96.685,44
2026-09-12,camera-prices,96.685,44
2026-09-13,camera-prices,96.471,44
2026-09-14,camera-prices,97.236,44
2026-09-15,camera-prices,97.115,44
2026-09-16,camera-prices,97.319,44
2026-09-17,camera-prices,97.153,44
2026-09-19,camera-prices,95.635,44
2026-09-20,camera-prices,95.657,44
2026-09-21,camera-prices,95.657,44
2026-09-22,camera-prices,95.657,44
2026-09-23,camera-prices,95.624,44
2026-09-24,camera-prices,95.418,44
2026-09-25,camera-prices,94.722,44
2026-09-26,camera-prices,94.713,44
2026-09-27,camera-prices,94.718,44
2026-09-28,camera-prices,94.718,44
2026-08-07,used-nas-prices,100.000,24
2026-08-08,used-nas-prices,100.709,24
2026-08-09,used-nas-prices,100.314,24
2026-08-10,used-nas-prices,100.314,24
2026-08-11,used-nas-prices,100.314,24
2026-08-12,used-nas-prices,100.314,24
2026-08-14,used-nas-prices,98.824,24
2026-08-15,used-nas-prices,98.824,24
2026-08-16,used-nas-prices,98.824,24
2026-08-17,used-nas-prices,98.824,24
2026-08-18,used-nas-prices,98.467,24
2026-08-19,used-nas-prices,98.472,24
2026-08-20,used-nas-prices,98.470,24
2026-08-21,used-nas-prices,98.692,24
2026-08-22,used-nas-prices,98.693,24
2026-08-23,used-nas-prices,98.693,24
2026-08-24,used-nas-prices,98.693,24
2026-08-25,used-nas-prices,98.209,24
2026-08-26,used-nas-prices,98.151,24
2026-08-27,used-nas-prices,98.162,24
2026-08-28,used-nas-prices,98.162,24
2026-08-30,used-nas-prices,97.923,24
2026-08-31,used-nas-prices,96.986,24
2026-09-01,used-nas-prices,96.986,24
2026-09-02,used-nas-prices,96.883,24
2026-09-03,used-nas-prices,97.146,24
2026-09-04,used-nas-prices,96.053,24
2026-09-05,used-nas-prices,96.090,24
2026-09-06,used-nas-prices,96.078,24
2026-09-07,used-nas-prices,96.078,24
2026-09-08,used-nas-prices,95.838,24
2026-09-09,used-nas-prices,95.842,24
2026-09-11,used-nas-prices,95.969,24
2026-09-12,used-nas-prices,95.948,24
2026-09-13,used-nas-prices,95.473,24
2026-09-14,used-nas-prices,95.473,24
2026-09-15,used-nas-prices,95.025,24
2026-09-16,used-nas-prices,94.883,24
2026-09-17,used-nas-prices,94.883,24
2026-09-19,used-nas-prices,94.817,24
2026-09-20,used-nas-prices,94.824,24
2026-09-21,used-nas-prices,94.824,24
2026-09-22,used-nas-prices,94.824,24
2026-09-23,used-nas-prices,94.802,24
2026-09-24,used-nas-prices,94.790,24
2026-09-25,used-nas-prices,94.776,24
2026-09-26,used-nas-prices,94.758,24
2026-09-27,used-nas-prices,94.764,24
2026-09-28,used-nas-prices,94.764,24
2026-08-07,galaxy-tab-prices,100.000,16
2026-08-08,galaxy-tab-prices,100.017,16
2026-08-09,galaxy-tab-prices,99.825,16
2026-08-10,galaxy-tab-prices,99.722,16
2026-08-11,galaxy-tab-prices,99.298,16
2026-08-12,galaxy-tab-prices,99.172,16
2026-08-14,galaxy-tab-prices,99.261,16
2026-08-15,galaxy-tab-prices,98.152,16
2026-08-16,galaxy-tab-prices,97.684,16
2026-08-17,galaxy-tab-prices,97.605,16
2026-08-18,galaxy-tab-prices,97.745,16
2026-08-19,galaxy-tab-prices,97.640,16
2026-08-20,galaxy-tab-prices,96.934,16
2026-08-21,galaxy-tab-prices,96.934,16
2026-08-22,galaxy-tab-prices,96.607,16
2026-08-23,galaxy-tab-prices,96.607,16
2026-08-24,galaxy-tab-prices,96.605,16
2026-08-25,galaxy-tab-prices,97.734,16
2026-08-26,galaxy-tab-prices,96.803,16
2026-08-27,galaxy-tab-prices,95.450,16
2026-08-28,galaxy-tab-prices,94.881,16
2026-08-30,galaxy-tab-prices,95.319,16
2026-08-31,galaxy-tab-prices,96.668,16
2026-09-01,galaxy-tab-prices,95.476,16
2026-09-02,galaxy-tab-prices,95.035,16
2026-09-03,galaxy-tab-prices,94.596,16
2026-09-04,galaxy-tab-prices,92.846,16
2026-09-05,galaxy-tab-prices,92.730,16
2026-09-06,galaxy-tab-prices,93.920,16
2026-09-07,galaxy-tab-prices,94.945,16
2026-09-08,galaxy-tab-prices,94.835,16
2026-09-09,galaxy-tab-prices,94.149,16
2026-09-11,galaxy-tab-prices,95.758,16
2026-09-12,galaxy-tab-prices,95.117,16
2026-09-13,galaxy-tab-prices,96.880,16
2026-09-14,galaxy-tab-prices,97.267,16
2026-09-15,galaxy-tab-prices,96.376,16
2026-09-16,galaxy-tab-prices,95.453,16
2026-09-17,galaxy-tab-prices,95.669,16
2026-09-19,galaxy-tab-prices,93.095,16
2026-09-20,galaxy-tab-prices,94.335,16
2026-09-21,galaxy-tab-prices,94.575,16
2026-09-22,galaxy-tab-prices,93.650,16
2026-09-23,galaxy-tab-prices,93.650,16
2026-09-24,galaxy-tab-prices,94.287,16
2026-09-25,galaxy-tab-prices,92.563,16
2026-09-26,galaxy-tab-prices,93.657,16
2026-09-27,galaxy-tab-prices,95.109,16
2026-09-28,galaxy-tab-prices,95.109,16
2026-08-07,mechanical-keyboard-prices,100.000,24
2026-08-08,mechanical-keyboard-prices,100.218,24
2026-08-09,mechanical-keyboard-prices,100.280,24
2026-08-10,mechanical-keyboard-prices,100.280,24
2026-08-11,mechanical-keyboard-prices,100.511,24
2026-08-12,mechanical-keyboard-prices,100.388,24
2026-08-14,mechanical-keyboard-prices,100.388,24
2026-08-15,mechanical-keyboard-prices,100.257,24
2026-08-16,mechanical-keyboard-prices,100.296,24
2026-08-17,mechanical-keyboard-prices,101.154,24
2026-08-18,mechanical-keyboard-prices,101.153,24
2026-08-19,mechanical-keyboard-prices,99.683,24
2026-08-20,mechanical-keyboard-prices,100.769,24
2026-08-21,mechanical-keyboard-prices,100.641,24
2026-08-22,mechanical-keyboard-prices,100.623,24
2026-08-23,mechanical-keyboard-prices,100.713,24
2026-08-24,mechanical-keyboard-prices,100.713,24
2026-08-25,mechanical-keyboard-prices,100.974,24
2026-08-26,mechanical-keyboard-prices,100.937,24
2026-08-27,mechanical-keyboard-prices,100.957,24
2026-08-28,mechanical-keyboard-prices,100.968,24
2026-08-30,mechanical-keyboard-prices,100.701,24
2026-08-31,mechanical-keyboard-prices,100.701,24
2026-09-01,mechanical-keyboard-prices,99.841,24
2026-09-02,mechanical-keyboard-prices,101.144,24
2026-09-03,mechanical-keyboard-prices,101.105,24
2026-09-04,mechanical-keyboard-prices,100.891,24
2026-09-05,mechanical-keyboard-prices,100.948,24
2026-09-06,mechanical-keyboard-prices,100.951,24
2026-09-07,mechanical-keyboard-prices,101.469,24
2026-09-08,mechanical-keyboard-prices,101.221,24
2026-09-09,mechanical-keyboard-prices,101.247,24
2026-09-11,mechanical-keyboard-prices,98.286,24
2026-09-12,mechanical-keyboard-prices,97.935,24
2026-09-13,mechanical-keyboard-prices,97.955,24
2026-09-14,mechanical-keyboard-prices,97.955,24
2026-09-15,mechanical-keyboard-prices,95.895,24
2026-09-16,mechanical-keyboard-prices,95.599,24
2026-09-17,mechanical-keyboard-prices,95.600,24
2026-09-19,mechanical-keyboard-prices,95.323,24
2026-09-20,mechanical-keyboard-prices,95.829,24
2026-09-21,mechanical-keyboard-prices,95.829,24
2026-09-22,mechanical-keyboard-prices,97.825,24
2026-09-23,mechanical-keyboard-prices,97.063,24
2026-09-24,mechanical-keyboard-prices,95.852,24
2026-09-25,mechanical-keyboard-prices,94.552,24
2026-09-26,mechanical-keyboard-prices,95.969,24
2026-09-27,mechanical-keyboard-prices,95.969,24
2026-09-28,mechanical-keyboard-prices,95.359,24
2026-08-07,wacom-tablet-prices,100.000,19
2026-08-08,wacom-tablet-prices,100.000,19
2026-08-09,wacom-tablet-prices,100.000,19
2026-08-10,wacom-tablet-prices,100.000,19
2026-08-11,wacom-tablet-prices,100.000,19
2026-08-12,wacom-tablet-prices,99.833,19
2026-08-14,wacom-tablet-prices,99.833,19
2026-08-15,wacom-tablet-prices,99.833,19
2026-08-16,wacom-tablet-prices,99.833,19
2026-08-17,wacom-tablet-prices,99.833,19
2026-08-18,wacom-tablet-prices,99.833,19
2026-08-19,wacom-tablet-prices,99.833,19
2026-08-20,wacom-tablet-prices,99.833,19
2026-08-21,wacom-tablet-prices,99.833,19
2026-08-22,wacom-tablet-prices,99.833,19
2026-08-23,wacom-tablet-prices,99.833,19
2026-08-24,wacom-tablet-prices,99.833,19
2026-08-25,wacom-tablet-prices,99.833,19
2026-08-26,wacom-tablet-prices,99.833,19
2026-08-27,wacom-tablet-prices,99.833,19
2026-08-28,wacom-tablet-prices,99.833,19
2026-08-30,wacom-tablet-prices,99.833,19
2026-08-31,wacom-tablet-prices,99.833,19
2026-09-01,wacom-tablet-prices,99.833,19
2026-09-02,wacom-tablet-prices,99.833,19
2026-09-03,wacom-tablet-prices,99.833,19
2026-09-04,wacom-tablet-prices,99.833,19
2026-09-05,wacom-tablet-prices,99.903,19
2026-09-06,wacom-tablet-prices,99.841,19
2026-09-07,wacom-tablet-prices,99.176,19
2026-09-08,wacom-tablet-prices,98.509,19
2026-09-09,wacom-tablet-prices,98.509,19
2026-09-11,wacom-tablet-prices,98.509,19
2026-09-12,wacom-tablet-prices,98.995,19
2026-09-13,wacom-tablet-prices,98.823,19
2026-09-14,wacom-tablet-prices,100.966,19
2026-09-15,wacom-tablet-prices,100.656,19
2026-09-16,wacom-tablet-prices,100.634,19
2026-09-17,wacom-tablet-prices,98.933,19
2026-09-19,wacom-tablet-prices,98.492,19
2026-09-20,wacom-tablet-prices,98.492,19
2026-09-21,wacom-tablet-prices,98.492,19
2026-09-22,wacom-tablet-prices,95.530,19
2026-09-23,wacom-tablet-prices,94.531,19
2026-09-24,wacom-tablet-prices,96.768,19
2026-09-25,wacom-tablet-prices,95.508,19
2026-09-26,wacom-tablet-prices,95.508,19
2026-09-27,wacom-tablet-prices,95.101,19
2026-09-28,wacom-tablet-prices,95.831,19
2026-08-07,blender-prices,100.000,22
2026-08-08,blender-prices,99.588,22
2026-08-09,blender-prices,99.829,22
2026-08-10,blender-prices,99.664,22
2026-08-11,blender-prices,99.772,22
2026-08-12,blender-prices,99.772,22
2026-08-14,blender-prices,99.682,22
2026-08-15,blender-prices,99.681,22
2026-08-16,blender-prices,98.682,22
2026-08-17,blender-prices,98.682,22
2026-08-18,blender-prices,100.239,22
2026-08-19,blender-prices,99.945,22
2026-08-20,blender-prices,99.941,22
2026-08-21,blender-prices,99.780,22
2026-08-22,blender-prices,99.780,22
2026-08-23,blender-prices,99.780,22
2026-08-24,blender-prices,99.780,22
2026-08-25,blender-prices,99.780,22
2026-08-26,blender-prices,99.780,22
2026-08-27,blender-prices,99.463,22
2026-08-28,blender-prices,99.463,22
2026-08-30,blender-prices,99.463,22
2026-08-31,blender-prices,99.726,22
2026-09-01,blender-prices,99.726,22
2026-09-02,blender-prices,99.534,22
2026-09-03,blender-prices,99.808,22
2026-09-04,blender-prices,99.808,22
2026-09-05,blender-prices,99.808,22
2026-09-06,blender-prices,99.808,22
2026-09-07,blender-prices,99.808,22
2026-09-08,blender-prices,99.808,22
2026-09-09,blender-prices,98.645,22
2026-09-11,blender-prices,97.458,22
2026-09-12,blender-prices,97.447,22
2026-09-13,blender-prices,97.447,22
2026-09-14,blender-prices,97.338,22
2026-09-15,blender-prices,96.297,22
2026-09-16,blender-prices,96.297,22
2026-09-17,blender-prices,96.297,22
2026-09-19,blender-prices,96.266,22
2026-09-20,blender-prices,96.268,22
2026-09-21,blender-prices,96.268,22
2026-09-22,blender-prices,96.268,22
2026-09-23,blender-prices,96.583,22
2026-09-24,blender-prices,96.583,22
2026-09-25,blender-prices,96.583,22
2026-09-26,blender-prices,96.583,22
2026-09-27,blender-prices,96.189,22
2026-09-28,blender-prices,96.189,22
2026-08-07,used-embroidery-machine-prices,100.000,15
2026-08-14,used-embroidery-machine-prices,100.000,15
2026-08-15,used-embroidery-machine-prices,100.000,15
2026-08-16,used-embroidery-machine-prices,100.021,15
2026-08-17,used-embroidery-machine-prices,100.021,15
2026-08-18,used-embroidery-machine-prices,100.021,15
2026-08-19,used-embroidery-machine-prices,100.021,15
2026-08-20,used-embroidery-machine-prices,100.021,15
2026-08-21,used-embroidery-machine-prices,99.636,15
2026-08-22,used-embroidery-machine-prices,99.636,15
2026-08-23,used-embroidery-machine-prices,99.636,15
2026-08-24,used-embroidery-machine-prices,99.636,15
2026-08-25,used-embroidery-machine-prices,99.636,15
2026-08-26,used-embroidery-machine-prices,99.398,15
2026-08-27,used-embroidery-machine-prices,99.398,15
2026-08-28,used-embroidery-machine-prices,99.398,15
2026-08-30,used-embroidery-machine-prices,98.735,15
2026-08-31,used-embroidery-machine-prices,98.735,15
2026-09-01,used-embroidery-machine-prices,98.735,15
2026-09-02,used-embroidery-machine-prices,97.476,15
2026-09-03,used-embroidery-machine-prices,97.476,15
2026-09-04,used-embroidery-machine-prices,97.476,15
2026-09-05,used-embroidery-machine-prices,97.476,15
2026-09-06,used-embroidery-machine-prices,97.476,15
2026-09-07,used-embroidery-machine-prices,97.476,15
2026-09-08,used-embroidery-machine-prices,97.071,15
2026-09-09,used-embroidery-machine-prices,97.834,15
2026-09-11,used-embroidery-machine-prices,97.834,15
2026-09-12,used-embroidery-machine-prices,97.834,15
2026-09-13,used-embroidery-machine-prices,97.834,15
2026-09-14,used-embroidery-machine-prices,97.834,15
2026-09-15,used-embroidery-machine-prices,98.123,15
2026-09-16,used-embroidery-machine-prices,98.123,15
2026-09-17,used-embroidery-machine-prices,98.123,15
2026-09-19,used-embroidery-machine-prices,98.123,15
2026-09-20,used-embroidery-machine-prices,98.123,15
2026-09-21,used-embroidery-machine-prices,96.397,15
2026-09-22,used-embroidery-machine-prices,96.397,15
2026-09-23,used-embroidery-machine-prices,96.397,15
2026-09-24,used-embroidery-machine-prices,96.397,15
2026-09-25,used-embroidery-machine-prices,96.397,15
2026-09-26,used-embroidery-machine-prices,96.397,15
2026-09-27,used-embroidery-machine-prices,96.397,15
2026-09-28,used-embroidery-machine-prices,96.397,15
2026-08-07,guitar-pedal-prices,100.000,40
2026-08-14,guitar-pedal-prices,100.399,40
2026-08-15,guitar-pedal-prices,100.196,40
2026-08-16,guitar-pedal-prices,100.052,40
2026-08-17,guitar-pedal-prices,100.115,40
2026-08-18,guitar-pedal-prices,99.377,40
2026-08-19,guitar-pedal-prices,98.348,40
2026-08-20,guitar-pedal-prices,98.558,40
2026-08-21,guitar-pedal-prices,98.721,40
2026-08-22,guitar-pedal-prices,98.179,40
2026-08-23,guitar-pedal-prices,97.890,40
2026-08-24,guitar-pedal-prices,98.826,40
2026-08-25,guitar-pedal-prices,98.825,40
2026-08-26,guitar-pedal-prices,99.214,40
2026-08-27,guitar-pedal-prices,99.841,40
2026-08-28,guitar-pedal-prices,99.516,40
2026-08-30,guitar-pedal-prices,99.462,40
2026-08-31,guitar-pedal-prices,99.911,40
2026-09-01,guitar-pedal-prices,99.911,40
2026-09-02,guitar-pedal-prices,99.276,40
2026-09-03,guitar-pedal-prices,99.645,40
2026-09-04,guitar-pedal-prices,99.321,40
2026-09-05,guitar-pedal-prices,100.452,40
2026-09-06,guitar-pedal-prices,99.126,40
2026-09-07,guitar-pedal-prices,98.535,40
2026-09-08,guitar-pedal-prices,98.819,40
2026-09-09,guitar-pedal-prices,99.442,40
2026-09-11,guitar-pedal-prices,97.679,40
2026-09-12,guitar-pedal-prices,97.650,40
2026-09-13,guitar-pedal-prices,98.336,40
2026-09-14,guitar-pedal-prices,98.165,40
2026-09-15,guitar-pedal-prices,97.922,40
2026-09-16,guitar-pedal-prices,97.802,40
2026-09-17,guitar-pedal-prices,97.802,40
2026-09-19,guitar-pedal-prices,97.836,40
2026-09-20,guitar-pedal-prices,98.039,40
2026-09-21,guitar-pedal-prices,97.832,40
2026-09-22,guitar-pedal-prices,97.543,40
2026-09-23,guitar-pedal-prices,97.429,40
2026-09-24,guitar-pedal-prices,97.244,40
2026-09-25,guitar-pedal-prices,96.651,40
2026-09-26,guitar-pedal-prices,96.793,40
2026-09-27,guitar-pedal-prices,96.954,40
2026-09-28,guitar-pedal-prices,96.457,40
2026-08-07,coffee-grinder-prices,100.000,23
2026-08-08,coffee-grinder-prices,100.000,23
2026-08-09,coffee-grinder-prices,99.950,23
2026-08-10,coffee-grinder-prices,100.210,23
2026-08-11,coffee-grinder-prices,100.264,23
2026-08-12,coffee-grinder-prices,100.186,23
2026-08-14,coffee-grinder-prices,99.862,23
2026-08-15,coffee-grinder-prices,99.862,23
2026-08-16,coffee-grinder-prices,99.550,23
2026-08-17,coffee-grinder-prices,99.550,23
2026-08-18,coffee-grinder-prices,100.152,23
2026-08-19,coffee-grinder-prices,100.904,23
2026-08-20,coffee-grinder-prices,100.901,23
2026-08-21,coffee-grinder-prices,100.901,23
2026-08-22,coffee-grinder-prices,100.901,23
2026-08-23,coffee-grinder-prices,100.155,23
2026-08-24,coffee-grinder-prices,100.155,23
2026-08-25,coffee-grinder-prices,100.007,23
2026-08-26,coffee-grinder-prices,100.007,23
2026-08-27,coffee-grinder-prices,100.007,23
2026-08-28,coffee-grinder-prices,100.007,23
2026-08-30,coffee-grinder-prices,100.172,23
2026-08-31,coffee-grinder-prices,100.172,23
2026-09-01,coffee-grinder-prices,100.448,23
2026-09-02,coffee-grinder-prices,101.104,23
2026-09-03,coffee-grinder-prices,101.104,23
2026-09-04,coffee-grinder-prices,100.956,23
2026-09-05,coffee-grinder-prices,100.956,23
2026-09-06,coffee-grinder-prices,100.956,23
2026-09-07,coffee-grinder-prices,100.956,23
2026-09-08,coffee-grinder-prices,100.940,23
2026-09-09,coffee-grinder-prices,100.953,23
2026-09-11,coffee-grinder-prices,100.957,23
2026-09-12,coffee-grinder-prices,100.957,23
2026-09-13,coffee-grinder-prices,100.957,23
2026-09-14,coffee-grinder-prices,100.957,23
2026-09-15,coffee-grinder-prices,100.190,23
2026-09-16,coffee-grinder-prices,100.190,23
2026-09-17,coffee-grinder-prices,100.190,23
2026-09-19,coffee-grinder-prices,98.786,23
2026-09-20,coffee-grinder-prices,98.722,23
2026-09-21,coffee-grinder-prices,99.232,23
2026-09-22,coffee-grinder-prices,99.156,23
2026-09-23,coffee-grinder-prices,98.504,23
2026-09-24,coffee-grinder-prices,97.947,23
2026-09-25,coffee-grinder-prices,97.947,23
2026-09-26,coffee-grinder-prices,97.915,23
2026-09-27,coffee-grinder-prices,95.955,23
2026-09-28,coffee-grinder-prices,96.519,23
2026-08-07,bass-guitar-prices,100.000,26
2026-08-08,bass-guitar-prices,99.976,26
2026-08-09,bass-guitar-prices,99.796,26
2026-08-10,bass-guitar-prices,99.796,26
2026-08-11,bass-guitar-prices,99.797,26
2026-08-12,bass-guitar-prices,99.788,26
2026-08-14,bass-guitar-prices,99.712,26
2026-08-15,bass-guitar-prices,99.708,26
2026-08-16,bass-guitar-prices,99.655,26
2026-08-17,bass-guitar-prices,99.656,26
2026-08-18,bass-guitar-prices,100.923,26
2026-08-19,bass-guitar-prices,100.965,26
2026-08-20,bass-guitar-prices,100.011,26
2026-08-21,bass-guitar-prices,100.931,26
2026-08-22,bass-guitar-prices,101.059,26
2026-08-23,bass-guitar-prices,100.895,26
2026-08-24,bass-guitar-prices,100.850,26
2026-08-25,bass-guitar-prices,101.364,26
2026-08-26,bass-guitar-prices,101.006,26
2026-08-27,bass-guitar-prices,100.403,26
2026-08-28,bass-guitar-prices,99.703,26
2026-08-30,bass-guitar-prices,99.279,26
2026-08-31,bass-guitar-prices,99.587,26
2026-09-01,bass-guitar-prices,99.578,26
2026-09-02,bass-guitar-prices,99.640,26
2026-09-03,bass-guitar-prices,98.474,26
2026-09-04,bass-guitar-prices,98.055,26
2026-09-05,bass-guitar-prices,98.568,26
2026-09-06,bass-guitar-prices,97.892,26
2026-09-07,bass-guitar-prices,98.085,26
2026-09-08,bass-guitar-prices,98.001,26
2026-09-09,bass-guitar-prices,97.026,26
2026-09-11,bass-guitar-prices,97.196,26
2026-09-12,bass-guitar-prices,97.183,26
2026-09-13,bass-guitar-prices,96.950,26
2026-09-14,bass-guitar-prices,96.650,26
2026-09-15,bass-guitar-prices,96.014,26
2026-09-16,bass-guitar-prices,95.961,26
2026-09-17,bass-guitar-prices,95.678,26
2026-09-19,bass-guitar-prices,96.747,26
2026-09-20,bass-guitar-prices,97.220,26
2026-09-21,bass-guitar-prices,97.518,26
2026-09-22,bass-guitar-prices,97.360,26
2026-09-23,bass-guitar-prices,97.343,26
2026-09-24,bass-guitar-prices,97.321,26
2026-09-25,bass-guitar-prices,96.831,26
2026-09-26,bass-guitar-prices,96.338,26
2026-09-27,bass-guitar-prices,96.728,26
2026-09-28,bass-guitar-prices,96.557,26
2026-08-07,gaming-monitor-prices,100.000,16
2026-08-08,gaming-monitor-prices,99.939,16
2026-08-09,gaming-monitor-prices,100.013,16
2026-08-10,gaming-monitor-prices,100.013,16
2026-08-11,gaming-monitor-prices,99.513,16
2026-08-12,gaming-monitor-prices,99.479,16
2026-08-14,gaming-monitor-prices,99.442,16
2026-08-15,gaming-monitor-prices,99.442,16
2026-08-16,gaming-monitor-prices,99.442,16
2026-08-17,gaming-monitor-prices,99.442,16
2026-08-18,gaming-monitor-prices,98.364,16
2026-08-19,gaming-monitor-prices,98.364,16
2026-08-20,gaming-monitor-prices,98.364,16
2026-08-21,gaming-monitor-prices,98.364,16
2026-08-22,gaming-monitor-prices,97.380,16
2026-08-23,gaming-monitor-prices,97.380,16
2026-08-24,gaming-monitor-prices,97.380,16
2026-08-25,gaming-monitor-prices,99.814,16
2026-08-26,gaming-monitor-prices,99.814,16
2026-08-27,gaming-monitor-prices,98.674,16
2026-08-28,gaming-monitor-prices,98.287,16
2026-08-30,gaming-monitor-prices,98.287,16
2026-08-31,gaming-monitor-prices,98.287,16
2026-09-01,gaming-monitor-prices,98.287,16
2026-09-02,gaming-monitor-prices,98.287,16
2026-09-03,gaming-monitor-prices,98.287,16
2026-09-04,gaming-monitor-prices,98.287,16
2026-09-05,gaming-monitor-prices,98.287,16
2026-09-06,gaming-monitor-prices,98.287,16
2026-09-07,gaming-monitor-prices,98.287,16
2026-09-08,gaming-monitor-prices,97.529,16
2026-09-09,gaming-monitor-prices,97.529,16
2026-09-11,gaming-monitor-prices,97.529,16
2026-09-12,gaming-monitor-prices,97.529,16
2026-09-13,gaming-monitor-prices,97.529,16
2026-09-14,gaming-monitor-prices,98.311,16
2026-09-15,gaming-monitor-prices,98.311,16
2026-09-16,gaming-monitor-prices,98.311,16
2026-09-17,gaming-monitor-prices,98.311,16
2026-09-19,gaming-monitor-prices,98.311,16
2026-09-20,gaming-monitor-prices,97.044,16
2026-09-21,gaming-monitor-prices,98.381,16
2026-09-22,gaming-monitor-prices,96.921,16
2026-09-23,gaming-monitor-prices,96.347,16
2026-09-24,gaming-monitor-prices,96.320,16
2026-09-25,gaming-monitor-prices,96.208,16
2026-09-26,gaming-monitor-prices,96.890,16
2026-09-27,gaming-monitor-prices,96.890,16
2026-09-28,gaming-monitor-prices,96.890,16
2026-08-07,test-equipment-prices,100.000,25
2026-08-08,test-equipment-prices,100.000,25
2026-08-09,test-equipment-prices,100.000,25
2026-08-10,test-equipment-prices,100.000,25
2026-08-11,test-equipment-prices,100.136,25
2026-08-12,test-equipment-prices,100.604,25
2026-08-14,test-equipment-prices,100.010,25
2026-08-15,test-equipment-prices,100.192,25
2026-08-16,test-equipment-prices,100.192,25
2026-08-17,test-equipment-prices,100.192,25
2026-08-18,test-equipment-prices,100.810,25
2026-08-19,test-equipment-prices,100.426,25
2026-08-20,test-equipment-prices,100.447,25
2026-08-21,test-equipment-prices,99.567,25
2026-08-22,test-equipment-prices,99.404,25
2026-08-23,test-equipment-prices,99.404,25
2026-08-24,test-equipment-prices,99.404,25
2026-08-25,test-equipment-prices,99.404,25
2026-08-26,test-equipment-prices,99.404,25
2026-08-27,test-equipment-prices,99.404,25
2026-08-28,test-equipment-prices,99.229,25
2026-08-30,test-equipment-prices,98.295,25
2026-08-31,test-equipment-prices,98.295,25
2026-09-01,test-equipment-prices,98.295,25
2026-09-02,test-equipment-prices,98.295,25
2026-09-03,test-equipment-prices,98.295,25
2026-09-04,test-equipment-prices,98.295,25
2026-09-05,test-equipment-prices,98.295,25
2026-09-06,test-equipment-prices,98.295,25
2026-09-07,test-equipment-prices,98.295,25
2026-09-08,test-equipment-prices,98.030,25
2026-09-09,test-equipment-prices,98.167,25
2026-09-11,test-equipment-prices,97.409,25
2026-09-12,test-equipment-prices,97.925,25
2026-09-13,test-equipment-prices,97.925,25
2026-09-14,test-equipment-prices,97.924,25
2026-09-15,test-equipment-prices,97.533,25
2026-09-16,test-equipment-prices,97.533,25
2026-09-17,test-equipment-prices,97.533,25
2026-09-19,test-equipment-prices,97.382,25
2026-09-20,test-equipment-prices,97.382,25
2026-09-21,test-equipment-prices,97.382,25
2026-09-22,test-equipment-prices,97.382,25
2026-09-23,test-equipment-prices,97.499,25
2026-09-24,test-equipment-prices,97.493,25
2026-09-25,test-equipment-prices,97.493,25
2026-09-26,test-equipment-prices,97.492,25
2026-09-27,test-equipment-prices,97.492,25
2026-09-28,test-equipment-prices,96.912,25
2026-08-07,digital-piano-prices,100.000,19
2026-08-08,digital-piano-prices,100.159,19
2026-08-09,digital-piano-prices,100.159,19
2026-08-10,digital-piano-prices,100.068,19
2026-08-11,digital-piano-prices,100.068,19
2026-08-12,digital-piano-prices,99.747,19
2026-08-14,digital-piano-prices,99.747,19
2026-08-15,digital-piano-prices,98.937,19
2026-08-16,digital-piano-prices,99.563,19
2026-08-17,digital-piano-prices,99.563,19
2026-08-18,digital-piano-prices,99.563,19
2026-08-19,digital-piano-prices,99.563,19
2026-08-20,digital-piano-prices,99.112,19
2026-08-21,digital-piano-prices,98.884,19
2026-08-22,digital-piano-prices,98.884,19
2026-08-23,digital-piano-prices,98.884,19
2026-08-24,digital-piano-prices,98.884,19
2026-08-25,digital-piano-prices,98.884,19
2026-08-26,digital-piano-prices,98.884,19
2026-08-27,digital-piano-prices,99.698,19
2026-08-28,digital-piano-prices,99.698,19
2026-08-30,digital-piano-prices,99.698,19
2026-08-31,digital-piano-prices,99.698,19
2026-09-01,digital-piano-prices,99.698,19
2026-09-02,digital-piano-prices,99.698,19
2026-09-03,digital-piano-prices,99.698,19
2026-09-04,digital-piano-prices,99.698,19
2026-09-05,digital-piano-prices,99.698,19
2026-09-06,digital-piano-prices,100.377,19
2026-09-07,digital-piano-prices,100.048,19
2026-09-08,digital-piano-prices,100.048,19
2026-09-09,digital-piano-prices,100.095,19
2026-09-11,digital-piano-prices,100.158,19
2026-09-12,digital-piano-prices,100.306,19
2026-09-13,digital-piano-prices,99.818,19
2026-09-14,digital-piano-prices,99.826,19
2026-09-15,digital-piano-prices,99.826,19
2026-09-16,digital-piano-prices,99.826,19
2026-09-17,digital-piano-prices,99.826,19
2026-09-19,digital-piano-prices,99.139,19
2026-09-20,digital-piano-prices,99.139,19
2026-09-21,digital-piano-prices,99.139,19
2026-09-22,digital-piano-prices,97.355,19
2026-09-23,digital-piano-prices,96.989,19
2026-09-24,digital-piano-prices,96.989,19
2026-09-25,digital-piano-prices,96.989,19
2026-09-26,digital-piano-prices,96.989,19
2026-09-27,digital-piano-prices,96.989,19
2026-09-28,digital-piano-prices,96.989,19
2026-08-07,used-welder-prices,100.000,16
2026-08-14,used-welder-prices,100.000,16
2026-08-15,used-welder-prices,100.000,16
2026-08-16,used-welder-prices,100.000,16
2026-08-17,used-welder-prices,100.000,16
2026-08-18,used-welder-prices,100.000,16
2026-08-19,used-welder-prices,98.718,16
2026-08-20,used-welder-prices,98.718,16
2026-08-21,used-welder-prices,98.718,16
2026-08-22,used-welder-prices,98.718,16
2026-08-23,used-welder-prices,98.718,16
2026-08-24,used-welder-prices,97.914,16
2026-08-25,used-welder-prices,97.914,16
2026-08-26,used-welder-prices,97.914,16
2026-08-27,used-welder-prices,97.914,16
2026-08-28,used-welder-prices,97.914,16
2026-08-30,used-welder-prices,97.914,16
2026-08-31,used-welder-prices,97.914,16
2026-09-01,used-welder-prices,97.914,16
2026-09-02,used-welder-prices,97.914,16
2026-09-03,used-welder-prices,97.914,16
2026-09-04,used-welder-prices,97.914,16
2026-09-05,used-welder-prices,97.914,16
2026-09-06,used-welder-prices,97.914,16
2026-09-07,used-welder-prices,97.914,16
2026-09-08,used-welder-prices,97.914,16
2026-09-09,used-welder-prices,97.914,16
2026-09-11,used-welder-prices,97.390,16
2026-09-12,used-welder-prices,97.390,16
2026-09-13,used-welder-prices,97.390,16
2026-09-14,used-welder-prices,97.390,16
2026-09-15,used-welder-prices,97.390,16
2026-09-16,used-welder-prices,97.390,16
2026-09-17,used-welder-prices,97.390,16
2026-09-19,used-welder-prices,97.023,16
2026-09-20,used-welder-prices,97.023,16
2026-09-21,used-welder-prices,97.023,16
2026-09-22,used-welder-prices,97.023,16
2026-09-23,used-welder-prices,97.023,16
2026-09-24,used-welder-prices,97.023,16
2026-09-25,used-welder-prices,97.023,16
2026-09-26,used-welder-prices,97.023,16
2026-09-27,used-welder-prices,97.023,16
2026-09-28,used-welder-prices,97.023,16
2026-08-07,used-cpu-prices,100.000,41
2026-08-08,used-cpu-prices,99.775,41
2026-08-09,used-cpu-prices,99.539,41
2026-08-10,used-cpu-prices,99.911,41
2026-08-11,used-cpu-prices,99.995,41
2026-08-12,used-cpu-prices,99.377,41
2026-08-14,used-cpu-prices,99.503,41
2026-08-15,used-cpu-prices,99.435,41
2026-08-16,used-cpu-prices,99.011,41
2026-08-17,used-cpu-prices,99.357,41
2026-08-18,used-cpu-prices,98.953,41
2026-08-19,used-cpu-prices,98.601,41
2026-08-20,used-cpu-prices,98.182,41
2026-08-21,used-cpu-prices,99.006,41
2026-08-22,used-cpu-prices,98.970,41
2026-08-23,used-cpu-prices,99.077,41
2026-08-24,used-cpu-prices,98.737,41
2026-08-25,used-cpu-prices,98.681,41
2026-08-26,used-cpu-prices,98.164,41
2026-08-27,used-cpu-prices,98.183,41
2026-08-28,used-cpu-prices,97.466,41
2026-08-30,used-cpu-prices,97.519,41
2026-08-31,used-cpu-prices,97.504,41
2026-09-01,used-cpu-prices,97.875,41
2026-09-02,used-cpu-prices,98.085,41
2026-09-03,used-cpu-prices,97.548,41
2026-09-04,used-cpu-prices,97.809,41
2026-09-05,used-cpu-prices,97.937,41
2026-09-06,used-cpu-prices,97.556,41
2026-09-07,used-cpu-prices,97.503,41
2026-09-08,used-cpu-prices,97.776,41
2026-09-09,used-cpu-prices,97.979,41
2026-09-11,used-cpu-prices,98.246,41
2026-09-12,used-cpu-prices,98.510,41
2026-09-13,used-cpu-prices,98.419,41
2026-09-14,used-cpu-prices,97.469,41
2026-09-15,used-cpu-prices,97.911,41
2026-09-16,used-cpu-prices,98.519,41
2026-09-17,used-cpu-prices,98.314,41
2026-09-19,used-cpu-prices,98.131,41
2026-09-20,used-cpu-prices,98.017,41
2026-09-21,used-cpu-prices,98.039,41
2026-09-22,used-cpu-prices,98.060,41
2026-09-23,used-cpu-prices,97.861,41
2026-09-24,used-cpu-prices,96.819,41
2026-09-25,used-cpu-prices,96.756,41
2026-09-26,used-cpu-prices,97.492,41
2026-09-27,used-cpu-prices,97.346,41
2026-09-28,used-cpu-prices,97.179,41
2026-08-07,ham-radio-prices,100.000,22
2026-08-08,ham-radio-prices,99.941,22
2026-08-09,ham-radio-prices,99.941,22
2026-08-10,ham-radio-prices,100.952,22
2026-08-11,ham-radio-prices,100.948,22
2026-08-12,ham-radio-prices,100.848,22
2026-08-14,ham-radio-prices,100.828,22
2026-08-15,ham-radio-prices,100.828,22
2026-08-16,ham-radio-prices,99.982,22
2026-08-17,ham-radio-prices,99.817,22
2026-08-18,ham-radio-prices,99.817,22
2026-08-19,ham-radio-prices,99.026,22
2026-08-20,ham-radio-prices,99.026,22
2026-08-21,ham-radio-prices,99.026,22
2026-08-22,ham-radio-prices,98.463,22
2026-08-23,ham-radio-prices,98.463,22
2026-08-24,ham-radio-prices,99.797,22
2026-08-25,ham-radio-prices,99.797,22
2026-08-26,ham-radio-prices,99.797,22
2026-08-27,ham-radio-prices,99.797,22
2026-08-28,ham-radio-prices,99.797,22
2026-08-30,ham-radio-prices,98.747,22
2026-08-31,ham-radio-prices,98.747,22
2026-09-01,ham-radio-prices,98.747,22
2026-09-02,ham-radio-prices,99.080,22
2026-09-03,ham-radio-prices,99.080,22
2026-09-04,ham-radio-prices,99.007,22
2026-09-05,ham-radio-prices,99.007,22
2026-09-06,ham-radio-prices,98.611,22
2026-09-07,ham-radio-prices,98.611,22
2026-09-08,ham-radio-prices,99.265,22
2026-09-09,ham-radio-prices,99.100,22
2026-09-11,ham-radio-prices,99.127,22
2026-09-12,ham-radio-prices,99.127,22
2026-09-13,ham-radio-prices,99.127,22
2026-09-14,ham-radio-prices,99.127,22
2026-09-15,ham-radio-prices,98.047,22
2026-09-16,ham-radio-prices,98.432,22
2026-09-17,ham-radio-prices,98.432,22
2026-09-19,ham-radio-prices,97.319,22
2026-09-20,ham-radio-prices,97.319,22
2026-09-21,ham-radio-prices,97.319,22
2026-09-22,ham-radio-prices,97.319,22
2026-09-23,ham-radio-prices,97.718,22
2026-09-24,ham-radio-prices,97.714,22
2026-09-25,ham-radio-prices,97.192,22
2026-09-26,ham-radio-prices,97.202,22
2026-09-27,ham-radio-prices,97.202,22
2026-09-28,ham-radio-prices,97.202,22
2026-08-07,golf-club-prices,100.000,25
2026-08-08,golf-club-prices,100.772,25
2026-08-09,golf-club-prices,100.978,25
2026-08-10,golf-club-prices,101.332,25
2026-08-11,golf-club-prices,101.513,25
2026-08-12,golf-club-prices,101.426,25
2026-08-14,golf-club-prices,100.508,25
2026-08-15,golf-club-prices,100.638,25
2026-08-16,golf-club-prices,100.852,25
2026-08-17,golf-club-prices,100.095,25
2026-08-18,golf-club-prices,99.904,25
2026-08-19,golf-club-prices,100.271,25
2026-08-20,golf-club-prices,100.310,25
2026-08-21,golf-club-prices,100.231,25
2026-08-22,golf-club-prices,100.341,25
2026-08-23,golf-club-prices,100.440,25
2026-08-24,golf-club-prices,100.622,25
2026-08-25,golf-club-prices,99.098,25
2026-08-26,golf-club-prices,99.176,25
2026-08-27,golf-club-prices,98.900,25
2026-08-28,golf-club-prices,99.030,25
2026-08-30,golf-club-prices,98.514,25
2026-08-31,golf-club-prices,99.060,25
2026-09-01,golf-club-prices,99.060,25
2026-09-02,golf-club-prices,100.486,25
2026-09-03,golf-club-prices,98.405,25
2026-09-04,golf-club-prices,98.419,25
2026-09-05,golf-club-prices,98.556,25
2026-09-06,golf-club-prices,98.555,25
2026-09-07,golf-club-prices,99.219,25
2026-09-08,golf-club-prices,98.354,25
2026-09-09,golf-club-prices,98.605,25
2026-09-11,golf-club-prices,98.203,25
2026-09-12,golf-club-prices,98.806,25
2026-09-13,golf-club-prices,99.010,25
2026-09-14,golf-club-prices,98.326,25
2026-09-15,golf-club-prices,97.979,25
2026-09-16,golf-club-prices,97.888,25
2026-09-17,golf-club-prices,97.888,25
2026-09-19,golf-club-prices,97.849,25
2026-09-20,golf-club-prices,97.820,25
2026-09-21,golf-club-prices,97.248,25
2026-09-22,golf-club-prices,96.979,25
2026-09-23,golf-club-prices,97.210,25
2026-09-24,golf-club-prices,97.560,25
2026-09-25,golf-club-prices,97.359,25
2026-09-26,golf-club-prices,96.965,25
2026-09-27,golf-club-prices,97.265,25
2026-09-28,golf-club-prices,97.265,25
2026-08-07,rowing-machine-prices,100.000,17
2026-08-08,rowing-machine-prices,100.000,17
2026-08-09,rowing-machine-prices,100.000,17
2026-08-10,rowing-machine-prices,100.000,17
2026-08-11,rowing-machine-prices,100.000,17
2026-08-12,rowing-machine-prices,100.000,17
2026-08-14,rowing-machine-prices,100.000,17
2026-08-15,rowing-machine-prices,100.000,17
2026-08-16,rowing-machine-prices,100.000,17
2026-08-17,rowing-machine-prices,100.000,17
2026-08-18,rowing-machine-prices,100.000,17
2026-08-19,rowing-machine-prices,100.000,17
2026-08-20,rowing-machine-prices,100.000,17
2026-08-21,rowing-machine-prices,100.000,17
2026-08-22,rowing-machine-prices,100.000,17
2026-08-23,rowing-machine-prices,100.000,17
2026-08-24,rowing-machine-prices,100.000,17
2026-08-25,rowing-machine-prices,100.000,17
2026-08-26,rowing-machine-prices,100.000,17
2026-08-27,rowing-machine-prices,98.361,17
2026-08-28,rowing-machine-prices,98.361,17
2026-08-30,rowing-machine-prices,98.361,17
2026-08-31,rowing-machine-prices,98.361,17
2026-09-01,rowing-machine-prices,98.361,17
2026-09-02,rowing-machine-prices,98.361,17
2026-09-03,rowing-machine-prices,98.361,17
2026-09-04,rowing-machine-prices,98.361,17
2026-09-05,rowing-machine-prices,98.295,17
2026-09-06,rowing-machine-prices,98.295,17
2026-09-07,rowing-machine-prices,98.295,17
2026-09-08,rowing-machine-prices,98.295,17
2026-09-09,rowing-machine-prices,98.295,17
2026-09-11,rowing-machine-prices,98.295,17
2026-09-12,rowing-machine-prices,97.359,17
2026-09-13,rowing-machine-prices,97.359,17
2026-09-14,rowing-machine-prices,97.359,17
2026-09-15,rowing-machine-prices,97.359,17
2026-09-16,rowing-machine-prices,97.359,17
2026-09-17,rowing-machine-prices,97.359,17
2026-09-19,rowing-machine-prices,97.359,17
2026-09-20,rowing-machine-prices,97.359,17
2026-09-21,rowing-machine-prices,97.359,17
2026-09-22,rowing-machine-prices,97.359,17
2026-09-23,rowing-machine-prices,97.359,17
2026-09-24,rowing-machine-prices,97.359,17
2026-09-25,rowing-machine-prices,97.359,17
2026-09-26,rowing-machine-prices,97.359,17
2026-09-27,rowing-machine-prices,97.359,17
2026-09-28,rowing-machine-prices,97.274,17
2026-08-07,air-compressor-prices,100.000,16
2026-08-08,air-compressor-prices,100.000,16
2026-08-09,air-compressor-prices,100.000,16
2026-08-10,air-compressor-prices,100.000,16
2026-08-11,air-compressor-prices,100.000,16
2026-08-12,air-compressor-prices,99.537,16
2026-08-14,air-compressor-prices,99.537,16
2026-08-15,air-compressor-prices,99.537,16
2026-08-16,air-compressor-prices,99.537,16
2026-08-17,air-compressor-prices,99.537,16
2026-08-18,air-compressor-prices,99.537,16
2026-08-19,air-compressor-prices,99.537,16
2026-08-20,air-compressor-prices,99.537,16
2026-08-21,air-compressor-prices,99.537,16
2026-08-22,air-compressor-prices,99.537,16
2026-08-23,air-compressor-prices,99.537,16
2026-08-24,air-compressor-prices,99.537,16
2026-08-25,air-compressor-prices,99.537,16
2026-08-26,air-compressor-prices,99.537,16
2026-08-27,air-compressor-prices,99.537,16
2026-08-28,air-compressor-prices,99.537,16
2026-08-30,air-compressor-prices,99.601,16
2026-08-31,air-compressor-prices,99.601,16
2026-09-01,air-compressor-prices,99.601,16
2026-09-02,air-compressor-prices,99.601,16
2026-09-03,air-compressor-prices,99.601,16
2026-09-04,air-compressor-prices,99.601,16
2026-09-05,air-compressor-prices,99.601,16
2026-09-06,air-compressor-prices,99.215,16
2026-09-07,air-compressor-prices,99.215,16
2026-09-08,air-compressor-prices,99.215,16
2026-09-09,air-compressor-prices,99.215,16
2026-09-11,air-compressor-prices,99.238,16
2026-09-12,air-compressor-prices,99.086,16
2026-09-13,air-compressor-prices,99.086,16
2026-09-14,air-compressor-prices,99.086,16
2026-09-15,air-compressor-prices,97.736,16
2026-09-16,air-compressor-prices,97.736,16
2026-09-17,air-compressor-prices,97.736,16
2026-09-19,air-compressor-prices,97.736,16
2026-09-20,air-compressor-prices,97.736,16
2026-09-21,air-compressor-prices,97.736,16
2026-09-22,air-compressor-prices,97.736,16
2026-09-23,air-compressor-prices,97.736,16
2026-09-24,air-compressor-prices,97.736,16
2026-09-25,air-compressor-prices,97.736,16
2026-09-26,air-compressor-prices,97.736,16
2026-09-27,air-compressor-prices,97.736,16
2026-09-28,air-compressor-prices,97.736,16
2026-08-07,used-dj-controller-prices,100.000,27
2026-08-08,used-dj-controller-prices,100.000,27
2026-08-09,used-dj-controller-prices,100.000,27
2026-08-10,used-dj-controller-prices,100.000,27
2026-08-11,used-dj-controller-prices,100.000,27
2026-08-12,used-dj-controller-prices,100.000,27
2026-08-14,used-dj-controller-prices,100.231,27
2026-08-15,used-dj-controller-prices,99.335,27
2026-08-16,used-dj-controller-prices,99.335,27
2026-08-17,used-dj-controller-prices,99.335,27
2026-08-18,used-dj-controller-prices,99.335,27
2026-08-19,used-dj-controller-prices,99.335,27
2026-08-20,used-dj-controller-prices,99.335,27
2026-08-21,used-dj-controller-prices,99.808,27
2026-08-22,used-dj-controller-prices,99.808,27
2026-08-23,used-dj-controller-prices,99.808,27
2026-08-24,used-dj-controller-prices,99.808,27
2026-08-25,used-dj-controller-prices,99.808,27
2026-08-26,used-dj-controller-prices,99.214,27
2026-08-27,used-dj-controller-prices,99.214,27
2026-08-28,used-dj-controller-prices,99.214,27
2026-08-30,used-dj-controller-prices,98.633,27
2026-08-31,used-dj-controller-prices,99.322,27
2026-09-01,used-dj-controller-prices,99.311,27
2026-09-02,used-dj-controller-prices,99.327,27
2026-09-03,used-dj-controller-prices,99.619,27
2026-09-04,used-dj-controller-prices,99.651,27
2026-09-05,used-dj-controller-prices,98.892,27
2026-09-06,used-dj-controller-prices,98.971,27
2026-09-07,used-dj-controller-prices,98.971,27
2026-09-08,used-dj-controller-prices,98.971,27
2026-09-09,used-dj-controller-prices,98.971,27
2026-09-11,used-dj-controller-prices,98.663,27
2026-09-12,used-dj-controller-prices,98.655,27
2026-09-13,used-dj-controller-prices,98.578,27
2026-09-14,used-dj-controller-prices,98.578,27
2026-09-15,used-dj-controller-prices,98.578,27
2026-09-16,used-dj-controller-prices,98.571,27
2026-09-17,used-dj-controller-prices,98.571,27
2026-09-19,used-dj-controller-prices,98.571,27
2026-09-20,used-dj-controller-prices,98.573,27
2026-09-21,used-dj-controller-prices,98.573,27
2026-09-22,used-dj-controller-prices,98.573,27
2026-09-23,used-dj-controller-prices,98.573,27
2026-09-24,used-dj-controller-prices,98.138,27
2026-09-25,used-dj-controller-prices,97.801,27
2026-09-26,used-dj-controller-prices,97.801,27
2026-09-27,used-dj-controller-prices,97.801,27
2026-09-28,used-dj-controller-prices,97.801,27
2026-08-07,used-gimbal-prices,100.000,16
2026-08-14,used-gimbal-prices,98.922,16
2026-08-15,used-gimbal-prices,98.922,16
2026-08-16,used-gimbal-prices,98.517,16
2026-08-17,used-gimbal-prices,98.517,16
2026-08-18,used-gimbal-prices,98.517,16
2026-08-19,used-gimbal-prices,99.515,16
2026-08-20,used-gimbal-prices,99.676,16
2026-08-21,used-gimbal-prices,99.646,16
2026-08-22,used-gimbal-prices,99.646,16
2026-08-23,used-gimbal-prices,99.646,16
2026-08-24,used-gimbal-prices,100.041,16
2026-08-25,used-gimbal-prices,99.312,16
2026-08-26,used-gimbal-prices,99.515,16
2026-08-27,used-gimbal-prices,99.528,16
2026-08-28,used-gimbal-prices,99.460,16
2026-08-30,used-gimbal-prices,99.060,16
2026-08-31,used-gimbal-prices,99.060,16
2026-09-01,used-gimbal-prices,99.060,16
2026-09-02,used-gimbal-prices,99.062,16
2026-09-03,used-gimbal-prices,99.672,16
2026-09-04,used-gimbal-prices,99.672,16
2026-09-05,used-gimbal-prices,99.672,16
2026-09-06,used-gimbal-prices,99.672,16
2026-09-07,used-gimbal-prices,99.672,16
2026-09-08,used-gimbal-prices,99.672,16
2026-09-09,used-gimbal-prices,98.082,16
2026-09-11,used-gimbal-prices,98.082,16
2026-09-12,used-gimbal-prices,98.082,16
2026-09-13,used-gimbal-prices,98.082,16
2026-09-14,used-gimbal-prices,98.082,16
2026-09-15,used-gimbal-prices,98.129,16
2026-09-16,used-gimbal-prices,98.129,16
2026-09-17,used-gimbal-prices,98.129,16
2026-09-19,used-gimbal-prices,98.129,16
2026-09-20,used-gimbal-prices,98.129,16
2026-09-21,used-gimbal-prices,97.813,16
2026-09-22,used-gimbal-prices,97.813,16
2026-09-23,used-gimbal-prices,98.433,16
2026-09-24,used-gimbal-prices,98.628,16
2026-09-25,used-gimbal-prices,98.248,16
2026-09-26,used-gimbal-prices,98.237,16
2026-09-27,used-gimbal-prices,97.955,16
2026-09-28,used-gimbal-prices,97.955,16
2026-08-07,game-console-prices,100.000,22
2026-08-08,game-console-prices,99.669,22
2026-08-09,game-console-prices,100.778,22
2026-08-10,game-console-prices,100.314,22
2026-08-11,game-console-prices,99.205,22
2026-08-12,game-console-prices,96.259,22
2026-08-14,game-console-prices,96.570,22
2026-08-15,game-console-prices,96.358,22
2026-08-16,game-console-prices,97.932,22
2026-08-17,game-console-prices,96.626,22
2026-08-18,game-console-prices,98.276,22
2026-08-19,game-console-prices,99.693,22
2026-08-20,game-console-prices,97.255,22
2026-08-21,game-console-prices,97.028,22
2026-08-22,game-console-prices,97.370,22
2026-08-23,game-console-prices,97.011,22
2026-08-24,game-console-prices,97.074,22
2026-08-25,game-console-prices,96.357,22
2026-08-26,game-console-prices,96.638,22
2026-08-27,game-console-prices,97.918,22
2026-08-28,game-console-prices,98.021,22
2026-08-30,game-console-prices,97.838,22
2026-08-31,game-console-prices,98.154,22
2026-09-01,game-console-prices,98.391,22
2026-09-02,game-console-prices,98.936,22
2026-09-03,game-console-prices,99.796,22
2026-09-04,game-console-prices,99.441,22
2026-09-05,game-console-prices,98.524,22
2026-09-06,game-console-prices,98.252,22
2026-09-07,game-console-prices,98.219,22
2026-09-08,game-console-prices,98.308,22
2026-09-09,game-console-prices,97.889,22
2026-09-11,game-console-prices,99.921,22
2026-09-12,game-console-prices,99.588,22
2026-09-13,game-console-prices,101.394,22
2026-09-14,game-console-prices,100.740,22
2026-09-15,game-console-prices,102.942,22
2026-09-16,game-console-prices,101.196,22
2026-09-17,game-console-prices,99.463,22
2026-09-19,game-console-prices,100.717,22
2026-09-20,game-console-prices,99.938,22
2026-09-21,game-console-prices,99.859,22
2026-09-22,game-console-prices,100.814,22
2026-09-23,game-console-prices,100.105,22
2026-09-24,game-console-prices,98.821,22
2026-09-25,game-console-prices,99.351,22
2026-09-26,game-console-prices,99.417,22
2026-09-27,game-console-prices,99.519,22
2026-09-28,game-console-prices,98.066,22
2026-08-07,camera-lens-prices,100.000,42
2026-08-08,camera-lens-prices,99.589,42
2026-08-09,camera-lens-prices,99.589,42
2026-08-10,camera-lens-prices,100.430,42
2026-08-11,camera-lens-prices,99.376,42
2026-08-12,camera-lens-prices,99.376,42
2026-08-14,camera-lens-prices,98.838,42
2026-08-15,camera-lens-prices,98.387,42
2026-08-16,camera-lens-prices,99.369,42
2026-08-17,camera-lens-prices,98.579,42
2026-08-18,camera-lens-prices,97.607,42
2026-08-19,camera-lens-prices,97.520,42
2026-08-20,camera-lens-prices,97.685,42
2026-08-21,camera-lens-prices,98.380,42
2026-08-22,camera-lens-prices,98.643,42
2026-08-23,camera-lens-prices,98.607,42
2026-08-24,camera-lens-prices,98.668,42
2026-08-25,camera-lens-prices,98.668,42
2026-08-26,camera-lens-prices,98.011,42
2026-08-27,camera-lens-prices,97.877,42
2026-08-28,camera-lens-prices,96.715,42
2026-08-30,camera-lens-prices,98.503,42
2026-08-31,camera-lens-prices,98.214,42
2026-09-01,camera-lens-prices,98.151,42
2026-09-02,camera-lens-prices,98.151,42
2026-09-03,camera-lens-prices,98.340,42
2026-09-04,camera-lens-prices,98.056,42
2026-09-05,camera-lens-prices,98.056,42
2026-09-06,camera-lens-prices,97.710,42
2026-09-07,camera-lens-prices,97.710,42
2026-09-08,camera-lens-prices,97.344,42
2026-09-09,camera-lens-prices,97.864,42
2026-09-11,camera-lens-prices,97.241,42
2026-09-12,camera-lens-prices,97.471,42
2026-09-13,camera-lens-prices,96.942,42
2026-09-14,camera-lens-prices,97.294,42
2026-09-15,camera-lens-prices,97.218,42
2026-09-16,camera-lens-prices,96.782,42
2026-09-17,camera-lens-prices,96.782,42
2026-09-19,camera-lens-prices,96.335,42
2026-09-20,camera-lens-prices,96.516,42
2026-09-21,camera-lens-prices,96.374,42
2026-09-22,camera-lens-prices,98.320,42
2026-09-23,camera-lens-prices,98.690,42
2026-09-24,camera-lens-prices,98.286,42
2026-09-25,camera-lens-prices,98.383,42
2026-09-26,camera-lens-prices,98.383,42
2026-09-27,camera-lens-prices,98.281,42
2026-09-28,camera-lens-prices,98.136,42
2026-08-07,synthesizer-prices,100.000,40
2026-08-08,synthesizer-prices,100.149,40
2026-08-09,synthesizer-prices,100.172,40
2026-08-10,synthesizer-prices,100.172,40
2026-08-11,synthesizer-prices,100.172,40
2026-08-12,synthesizer-prices,100.173,40
2026-08-14,synthesizer-prices,100.169,40
2026-08-15,synthesizer-prices,100.166,40
2026-08-16,synthesizer-prices,100.182,40
2026-08-17,synthesizer-prices,100.182,40
2026-08-18,synthesizer-prices,100.182,40
2026-08-19,synthesizer-prices,100.449,40
2026-08-20,synthesizer-prices,100.449,40
2026-08-21,synthesizer-prices,100.044,40
2026-08-22,synthesizer-prices,100.150,40
2026-08-23,synthesizer-prices,99.833,40
2026-08-24,synthesizer-prices,99.926,40
2026-08-25,synthesizer-prices,99.788,40
2026-08-26,synthesizer-prices,99.785,40
2026-08-27,synthesizer-prices,99.251,40
2026-08-28,synthesizer-prices,99.251,40
2026-08-30,synthesizer-prices,99.102,40
2026-08-31,synthesizer-prices,99.102,40
2026-09-01,synthesizer-prices,99.102,40
2026-09-02,synthesizer-prices,99.376,40
2026-09-03,synthesizer-prices,99.376,40
2026-09-04,synthesizer-prices,99.376,40
2026-09-05,synthesizer-prices,99.396,40
2026-09-06,synthesizer-prices,99.396,40
2026-09-07,synthesizer-prices,99.396,40
2026-09-08,synthesizer-prices,99.396,40
2026-09-09,synthesizer-prices,99.363,40
2026-09-11,synthesizer-prices,99.245,40
2026-09-12,synthesizer-prices,99.206,40
2026-09-13,synthesizer-prices,99.523,40
2026-09-14,synthesizer-prices,99.523,40
2026-09-15,synthesizer-prices,98.903,40
2026-09-16,synthesizer-prices,98.743,40
2026-09-17,synthesizer-prices,98.743,40
2026-09-19,synthesizer-prices,98.697,40
2026-09-20,synthesizer-prices,98.697,40
2026-09-21,synthesizer-prices,98.697,40
2026-09-22,synthesizer-prices,99.105,40
2026-09-23,synthesizer-prices,99.134,40
2026-09-24,synthesizer-prices,99.132,40
2026-09-25,synthesizer-prices,98.937,40
2026-09-26,synthesizer-prices,98.303,40
2026-09-27,synthesizer-prices,98.303,40
2026-09-28,synthesizer-prices,98.303,40
2026-08-07,used-watch-prices,100.000,29
2026-08-08,used-watch-prices,98.921,29
2026-08-09,used-watch-prices,99.677,29
2026-08-10,used-watch-prices,99.739,29
2026-08-11,used-watch-prices,100.098,29
2026-08-12,used-watch-prices,99.796,29
2026-08-14,used-watch-prices,99.115,29
2026-08-15,used-watch-prices,99.416,29
2026-08-16,used-watch-prices,99.206,29
2026-08-17,used-watch-prices,98.969,29
2026-08-18,used-watch-prices,99.095,29
2026-08-19,used-watch-prices,99.100,29
2026-08-20,used-watch-prices,99.125,29
2026-08-21,used-watch-prices,99.155,29
2026-08-22,used-watch-prices,99.159,29
2026-08-23,used-watch-prices,99.177,29
2026-08-24,used-watch-prices,98.260,29
2026-08-25,used-watch-prices,99.113,29
2026-08-26,used-watch-prices,98.475,29
2026-08-27,used-watch-prices,99.029,29
2026-08-28,used-watch-prices,99.118,29
2026-08-30,used-watch-prices,98.999,29
2026-08-31,used-watch-prices,99.343,29
2026-09-01,used-watch-prices,98.763,29
2026-09-02,used-watch-prices,98.421,29
2026-09-03,used-watch-prices,98.457,29
2026-09-04,used-watch-prices,98.509,29
2026-09-05,used-watch-prices,98.498,29
2026-09-06,used-watch-prices,98.473,29
2026-09-07,used-watch-prices,98.017,29
2026-09-08,used-watch-prices,97.983,29
2026-09-09,used-watch-prices,97.923,29
2026-09-11,used-watch-prices,99.261,29
2026-09-12,used-watch-prices,99.864,29
2026-09-13,used-watch-prices,99.528,29
2026-09-14,used-watch-prices,98.913,29
2026-09-15,used-watch-prices,98.768,29
2026-09-16,used-watch-prices,99.795,29
2026-09-17,used-watch-prices,99.442,29
2026-09-19,used-watch-prices,98.940,29
2026-09-20,used-watch-prices,98.943,29
2026-09-21,used-watch-prices,98.947,29
2026-09-22,used-watch-prices,98.506,29
2026-09-23,used-watch-prices,99.132,29
2026-09-24,used-watch-prices,98.623,29
2026-09-25,used-watch-prices,97.993,29
2026-09-26,used-watch-prices,98.004,29
2026-09-27,used-watch-prices,97.762,29
2026-09-28,used-watch-prices,98.454,29
2026-08-07,used-3d-printer-prices,100.000,27
2026-08-08,used-3d-printer-prices,100.000,27
2026-08-09,used-3d-printer-prices,100.000,27
2026-08-10,used-3d-printer-prices,100.000,27
2026-08-11,used-3d-printer-prices,100.000,27
2026-08-12,used-3d-printer-prices,99.370,27
2026-08-14,used-3d-printer-prices,99.662,27
2026-08-15,used-3d-printer-prices,99.662,27
2026-08-16,used-3d-printer-prices,99.662,27
2026-08-17,used-3d-printer-prices,99.662,27
2026-08-18,used-3d-printer-prices,99.662,27
2026-08-19,used-3d-printer-prices,99.662,27
2026-08-20,used-3d-printer-prices,99.662,27
2026-08-21,used-3d-printer-prices,99.662,27
2026-08-22,used-3d-printer-prices,99.662,27
2026-08-23,used-3d-printer-prices,99.662,27
2026-08-24,used-3d-printer-prices,99.662,27
2026-08-25,used-3d-printer-prices,99.662,27
2026-08-26,used-3d-printer-prices,99.662,27
2026-08-27,used-3d-printer-prices,99.662,27
2026-08-28,used-3d-printer-prices,99.610,27
2026-08-30,used-3d-printer-prices,99.592,27
2026-08-31,used-3d-printer-prices,99.642,27
2026-09-01,used-3d-printer-prices,99.642,27
2026-09-02,used-3d-printer-prices,99.642,27
2026-09-03,used-3d-printer-prices,99.642,27
2026-09-04,used-3d-printer-prices,99.642,27
2026-09-05,used-3d-printer-prices,99.642,27
2026-09-06,used-3d-printer-prices,99.642,27
2026-09-07,used-3d-printer-prices,99.642,27
2026-09-08,used-3d-printer-prices,99.642,27
2026-09-09,used-3d-printer-prices,99.642,27
2026-09-11,used-3d-printer-prices,99.642,27
2026-09-12,used-3d-printer-prices,99.575,27
2026-09-13,used-3d-printer-prices,99.575,27
2026-09-14,used-3d-printer-prices,99.575,27
2026-09-15,used-3d-printer-prices,99.575,27
2026-09-16,used-3d-printer-prices,99.048,27
2026-09-17,used-3d-printer-prices,99.048,27
2026-09-19,used-3d-printer-prices,99.048,27
2026-09-20,used-3d-printer-prices,99.048,27
2026-09-21,used-3d-printer-prices,99.048,27
2026-09-22,used-3d-printer-prices,99.048,27
2026-09-23,used-3d-printer-prices,98.935,27
2026-09-24,used-3d-printer-prices,98.935,27
2026-09-25,used-3d-printer-prices,98.935,27
2026-09-26,used-3d-printer-prices,98.935,27
2026-09-27,used-3d-printer-prices,98.659,27
2026-09-28,used-3d-printer-prices,98.659,27
2026-08-07,sonos-speaker-prices,100.000,12
2026-08-08,sonos-speaker-prices,98.333,12
2026-08-09,sonos-speaker-prices,97.163,12
2026-08-10,sonos-speaker-prices,95.341,12
2026-08-11,sonos-speaker-prices,95.952,12
2026-08-12,sonos-speaker-prices,95.952,12
2026-08-14,sonos-speaker-prices,97.216,12
2026-08-15,sonos-speaker-prices,94.118,12
2026-08-16,sonos-speaker-prices,94.118,12
2026-08-17,sonos-speaker-prices,94.118,12
2026-08-18,sonos-speaker-prices,93.099,12
2026-08-19,sonos-speaker-prices,92.616,12
2026-08-20,sonos-speaker-prices,92.618,12
2026-08-21,sonos-speaker-prices,92.772,12
2026-08-22,sonos-speaker-prices,91.634,12
2026-08-23,sonos-speaker-prices,91.474,12
2026-08-24,sonos-speaker-prices,90.379,12
2026-08-25,sonos-speaker-prices,95.178,12
2026-08-26,sonos-speaker-prices,96.025,12
2026-08-27,sonos-speaker-prices,93.776,12
2026-08-28,sonos-speaker-prices,91.172,12
2026-08-30,sonos-speaker-prices,90.460,12
2026-08-31,sonos-speaker-prices,91.857,12
2026-09-01,sonos-speaker-prices,96.096,12
2026-09-02,sonos-speaker-prices,95.136,12
2026-09-03,sonos-speaker-prices,97.732,12
2026-09-04,sonos-speaker-prices,98.057,12
2026-09-05,sonos-speaker-prices,95.107,12
2026-09-06,sonos-speaker-prices,97.542,12
2026-09-07,sonos-speaker-prices,94.494,12
2026-09-08,sonos-speaker-prices,93.031,12
2026-09-09,sonos-speaker-prices,93.031,12
2026-09-11,sonos-speaker-prices,94.075,12
2026-09-12,sonos-speaker-prices,93.925,12
2026-09-13,sonos-speaker-prices,93.894,12
2026-09-14,sonos-speaker-prices,93.992,12
2026-09-15,sonos-speaker-prices,93.375,12
2026-09-16,sonos-speaker-prices,93.375,12
2026-09-17,sonos-speaker-prices,95.416,12
2026-09-19,sonos-speaker-prices,98.212,12
2026-09-20,sonos-speaker-prices,98.212,12
2026-09-21,sonos-speaker-prices,93.917,12
2026-09-22,sonos-speaker-prices,95.461,12
2026-09-23,sonos-speaker-prices,95.125,12
2026-09-24,sonos-speaker-prices,95.125,12
2026-09-25,sonos-speaker-prices,95.951,12
2026-09-26,sonos-speaker-prices,98.992,12
2026-09-27,sonos-speaker-prices,101.923,12
2026-09-28,sonos-speaker-prices,98.926,12
2026-08-07,bench-saw-prices,100.000,19
2026-08-08,bench-saw-prices,100.000,19
2026-08-09,bench-saw-prices,100.000,19
2026-08-10,bench-saw-prices,100.000,19
2026-08-11,bench-saw-prices,100.000,19
2026-08-12,bench-saw-prices,100.000,19
2026-08-14,bench-saw-prices,100.000,19
2026-08-15,bench-saw-prices,100.000,19
2026-08-16,bench-saw-prices,100.000,19
2026-08-17,bench-saw-prices,100.000,19
2026-08-18,bench-saw-prices,100.000,19
2026-08-19,bench-saw-prices,100.000,19
2026-08-20,bench-saw-prices,100.000,19
2026-08-21,bench-saw-prices,100.000,19
2026-08-22,bench-saw-prices,100.000,19
2026-08-23,bench-saw-prices,101.005,19
2026-08-24,bench-saw-prices,101.005,19
2026-08-25,bench-saw-prices,101.005,19
2026-08-26,bench-saw-prices,100.987,19
2026-08-27,bench-saw-prices,100.095,19
2026-08-28,bench-saw-prices,100.095,19
2026-08-30,bench-saw-prices,100.090,19
2026-08-31,bench-saw-prices,100.090,19
2026-09-01,bench-saw-prices,100.090,19
2026-09-02,bench-saw-prices,100.090,19
2026-09-03,bench-saw-prices,100.090,19
2026-09-04,bench-saw-prices,100.090,19
2026-09-05,bench-saw-prices,100.090,19
2026-09-06,bench-saw-prices,100.092,19
2026-09-07,bench-saw-prices,100.021,19
2026-09-08,bench-saw-prices,100.021,19
2026-09-09,bench-saw-prices,100.021,19
2026-09-11,bench-saw-prices,100.275,19
2026-09-12,bench-saw-prices,100.275,19
2026-09-13,bench-saw-prices,99.898,19
2026-09-14,bench-saw-prices,99.898,19
2026-09-15,bench-saw-prices,99.648,19
2026-09-16,bench-saw-prices,99.648,19
2026-09-17,bench-saw-prices,99.648,19
2026-09-19,bench-saw-prices,99.648,19
2026-09-20,bench-saw-prices,99.648,19
2026-09-21,bench-saw-prices,99.648,19
2026-09-22,bench-saw-prices,98.936,19
2026-09-23,bench-saw-prices,98.936,19
2026-09-24,bench-saw-prices,98.936,19
2026-09-25,bench-saw-prices,98.936,19
2026-09-26,bench-saw-prices,98.936,19
2026-09-27,bench-saw-prices,98.936,19
2026-09-28,bench-saw-prices,98.936,19
2026-08-07,launch-monitor-prices,100.000,17
2026-08-08,launch-monitor-prices,100.066,17
2026-08-09,launch-monitor-prices,100.006,17
2026-08-10,launch-monitor-prices,99.793,17
2026-08-11,launch-monitor-prices,97.930,17
2026-08-12,launch-monitor-prices,98.378,17
2026-08-14,launch-monitor-prices,97.534,17
2026-08-15,launch-monitor-prices,97.157,17
2026-08-16,launch-monitor-prices,96.868,17
2026-08-17,launch-monitor-prices,98.529,17
2026-08-18,launch-monitor-prices,99.457,17
2026-08-19,launch-monitor-prices,99.457,17
2026-08-20,launch-monitor-prices,100.985,17
2026-08-21,launch-monitor-prices,100.904,17
2026-08-22,launch-monitor-prices,100.904,17
2026-08-23,launch-monitor-prices,100.017,17
2026-08-24,launch-monitor-prices,100.017,17
2026-08-25,launch-monitor-prices,98.922,17
2026-08-26,launch-monitor-prices,98.902,17
2026-08-27,launch-monitor-prices,98.581,17
2026-08-28,launch-monitor-prices,98.485,17
2026-08-30,launch-monitor-prices,97.828,17
2026-08-31,launch-monitor-prices,98.220,17
2026-09-01,launch-monitor-prices,98.710,17
2026-09-02,launch-monitor-prices,97.855,17
2026-09-03,launch-monitor-prices,98.019,17
2026-09-04,launch-monitor-prices,97.143,17
2026-09-05,launch-monitor-prices,97.143,17
2026-09-06,launch-monitor-prices,97.824,17
2026-09-07,launch-monitor-prices,97.719,17
2026-09-08,launch-monitor-prices,97.719,17
2026-09-09,launch-monitor-prices,97.719,17
2026-09-11,launch-monitor-prices,97.944,17
2026-09-12,launch-monitor-prices,97.303,17
2026-09-13,launch-monitor-prices,97.303,17
2026-09-14,launch-monitor-prices,97.780,17
2026-09-15,launch-monitor-prices,97.929,17
2026-09-16,launch-monitor-prices,97.929,17
2026-09-17,launch-monitor-prices,97.929,17
2026-09-19,launch-monitor-prices,99.049,17
2026-09-20,launch-monitor-prices,100.018,17
2026-09-21,launch-monitor-prices,100.035,17
2026-09-22,launch-monitor-prices,99.962,17
2026-09-23,launch-monitor-prices,101.066,17
2026-09-24,launch-monitor-prices,101.066,17
2026-09-25,launch-monitor-prices,99.126,17
2026-09-26,launch-monitor-prices,99.125,17
2026-09-27,launch-monitor-prices,99.021,17
2026-09-28,launch-monitor-prices,98.944,17
2026-08-07,saxophone-prices,100.000,19
2026-08-08,saxophone-prices,100.000,19
2026-08-09,saxophone-prices,99.612,19
2026-08-10,saxophone-prices,99.612,19
2026-08-11,saxophone-prices,99.476,19
2026-08-12,saxophone-prices,99.676,19
2026-08-14,saxophone-prices,99.552,19
2026-08-15,saxophone-prices,99.552,19
2026-08-16,saxophone-prices,99.552,19
2026-08-17,saxophone-prices,99.552,19
2026-08-18,saxophone-prices,99.552,19
2026-08-19,saxophone-prices,99.352,19
2026-08-20,saxophone-prices,99.090,19
2026-08-21,saxophone-prices,99.611,19
2026-08-22,saxophone-prices,99.611,19
2026-08-23,saxophone-prices,99.358,19
2026-08-24,saxophone-prices,99.358,19
2026-08-25,saxophone-prices,99.277,19
2026-08-26,saxophone-prices,99.317,19
2026-08-27,saxophone-prices,99.317,19
2026-08-28,saxophone-prices,99.317,19
2026-08-30,saxophone-prices,99.317,19
2026-08-31,saxophone-prices,99.317,19
2026-09-01,saxophone-prices,99.250,19
2026-09-02,saxophone-prices,99.414,19
2026-09-03,saxophone-prices,99.668,19
2026-09-04,saxophone-prices,99.403,19
2026-09-05,saxophone-prices,99.403,19
2026-09-06,saxophone-prices,99.403,19
2026-09-07,saxophone-prices,99.403,19
2026-09-08,saxophone-prices,99.403,19
2026-09-09,saxophone-prices,99.335,19
2026-09-11,saxophone-prices,99.554,19
2026-09-12,saxophone-prices,99.554,19
2026-09-13,saxophone-prices,99.554,19
2026-09-14,saxophone-prices,99.554,19
2026-09-15,saxophone-prices,99.338,19
2026-09-16,saxophone-prices,99.527,19
2026-09-17,saxophone-prices,99.527,19
2026-09-19,saxophone-prices,99.524,19
2026-09-20,saxophone-prices,99.524,19
2026-09-21,saxophone-prices,99.166,19
2026-09-22,saxophone-prices,99.166,19
2026-09-23,saxophone-prices,99.163,19
2026-09-24,saxophone-prices,99.587,19
2026-09-25,saxophone-prices,99.587,19
2026-09-26,saxophone-prices,99.607,19
2026-09-27,saxophone-prices,99.607,19
2026-09-28,saxophone-prices,99.135,19
2026-08-07,used-electric-scooter-prices,100.000,11
2026-08-08,used-electric-scooter-prices,100.000,11
2026-08-09,used-electric-scooter-prices,100.000,11
2026-08-10,used-electric-scooter-prices,100.000,11
2026-08-11,used-electric-scooter-prices,100.000,11
2026-08-12,used-electric-scooter-prices,99.025,11
2026-08-14,used-electric-scooter-prices,99.025,11
2026-08-15,used-electric-scooter-prices,99.025,11
2026-08-16,used-electric-scooter-prices,99.025,11
2026-08-17,used-electric-scooter-prices,99.025,11
2026-08-18,used-electric-scooter-prices,99.025,11
2026-08-19,used-electric-scooter-prices,99.025,11
2026-08-20,used-electric-scooter-prices,99.025,11
2026-08-21,used-electric-scooter-prices,99.025,11
2026-08-22,used-electric-scooter-prices,99.025,11
2026-08-23,used-electric-scooter-prices,99.025,11
2026-08-24,used-electric-scooter-prices,99.025,11
2026-08-25,used-electric-scooter-prices,99.025,11
2026-08-26,used-electric-scooter-prices,98.109,11
2026-08-27,used-electric-scooter-prices,99.616,11
2026-08-28,used-electric-scooter-prices,99.586,11
2026-08-30,used-electric-scooter-prices,99.564,11
2026-08-31,used-electric-scooter-prices,99.564,11
2026-09-01,used-electric-scooter-prices,99.564,11
2026-09-02,used-electric-scooter-prices,99.604,11
2026-09-03,used-electric-scooter-prices,99.571,11
2026-09-04,used-electric-scooter-prices,98.922,11
2026-09-05,used-electric-scooter-prices,98.960,11
2026-09-06,used-electric-scooter-prices,98.926,11
2026-09-07,used-electric-scooter-prices,98.926,11
2026-09-08,used-electric-scooter-prices,98.926,11
2026-09-09,used-electric-scooter-prices,98.950,11
2026-09-11,used-electric-scooter-prices,98.957,11
2026-09-12,used-electric-scooter-prices,98.935,11
2026-09-13,used-electric-scooter-prices,98.905,11
2026-09-14,used-electric-scooter-prices,97.065,11
2026-09-15,used-electric-scooter-prices,99.234,11
2026-09-16,used-electric-scooter-prices,99.196,11
2026-09-17,used-electric-scooter-prices,99.196,11
2026-09-19,used-electric-scooter-prices,99.133,11
2026-09-20,used-electric-scooter-prices,99.137,11
2026-09-21,used-electric-scooter-prices,99.137,11
2026-09-22,used-electric-scooter-prices,99.137,11
2026-09-24,used-electric-scooter-prices,99.137,11
2026-09-25,used-electric-scooter-prices,99.137,11
2026-09-26,used-electric-scooter-prices,99.137,11
2026-09-27,used-electric-scooter-prices,99.137,11
2026-09-28,used-electric-scooter-prices,99.137,11
2026-08-07,audio-interface-prices,100.000,25
2026-08-08,audio-interface-prices,100.000,25
2026-08-09,audio-interface-prices,100.028,25
2026-08-10,audio-interface-prices,100.181,25
2026-08-11,audio-interface-prices,101.179,25
2026-08-12,audio-interface-prices,100.953,25
2026-08-14,audio-interface-prices,100.953,25
2026-08-15,audio-interface-prices,100.692,25
2026-08-16,audio-interface-prices,100.713,25
2026-08-17,audio-interface-prices,100.834,25
2026-08-18,audio-interface-prices,100.720,25
2026-08-19,audio-interface-prices,100.720,25
2026-08-20,audio-interface-prices,100.596,25
2026-08-21,audio-interface-prices,101.525,25
2026-08-22,audio-interface-prices,101.574,25
2026-08-23,audio-interface-prices,100.844,25
2026-08-24,audio-interface-prices,100.672,25
2026-08-25,audio-interface-prices,100.606,25
2026-08-26,audio-interface-prices,102.267,25
2026-08-27,audio-interface-prices,101.739,25
2026-08-28,audio-interface-prices,102.128,25
2026-08-30,audio-interface-prices,99.511,25
2026-08-31,audio-interface-prices,99.177,25
2026-09-01,audio-interface-prices,98.122,25
2026-09-02,audio-interface-prices,98.132,25
2026-09-03,audio-interface-prices,99.577,25
2026-09-04,audio-interface-prices,100.547,25
2026-09-05,audio-interface-prices,100.655,25
2026-09-06,audio-interface-prices,100.600,25
2026-09-07,audio-interface-prices,100.053,25
2026-09-08,audio-interface-prices,97.911,25
2026-09-09,audio-interface-prices,98.164,25
2026-09-11,audio-interface-prices,98.037,25
2026-09-12,audio-interface-prices,97.975,25
2026-09-13,audio-interface-prices,98.456,25
2026-09-14,audio-interface-prices,98.407,25
2026-09-15,audio-interface-prices,99.510,25
2026-09-16,audio-interface-prices,98.878,25
2026-09-17,audio-interface-prices,98.878,25
2026-09-19,audio-interface-prices,98.804,25
2026-09-20,audio-interface-prices,99.216,25
2026-09-21,audio-interface-prices,99.216,25
2026-09-22,audio-interface-prices,99.072,25
2026-09-23,audio-interface-prices,98.844,25
2026-09-24,audio-interface-prices,99.043,25
2026-09-25,audio-interface-prices,98.852,25
2026-09-26,audio-interface-prices,99.174,25
2026-09-27,audio-interface-prices,99.173,25
2026-09-28,audio-interface-prices,99.168,25
2026-08-07,metal-detector-prices,100.000,23
2026-08-08,metal-detector-prices,100.000,23
2026-08-09,metal-detector-prices,100.000,23
2026-08-10,metal-detector-prices,100.000,23
2026-08-11,metal-detector-prices,99.999,23
2026-08-12,metal-detector-prices,99.999,23
2026-08-14,metal-detector-prices,99.999,23
2026-08-15,metal-detector-prices,99.999,23
2026-08-16,metal-detector-prices,99.999,23
2026-08-17,metal-detector-prices,99.999,23
2026-08-18,metal-detector-prices,99.999,23
2026-08-19,metal-detector-prices,99.999,23
2026-08-20,metal-detector-prices,99.999,23
2026-08-21,metal-detector-prices,99.999,23
2026-08-22,metal-detector-prices,99.999,23
2026-08-23,metal-detector-prices,99.999,23
2026-08-24,metal-detector-prices,99.999,23
2026-08-25,metal-detector-prices,99.999,23
2026-08-26,metal-detector-prices,99.999,23
2026-08-27,metal-detector-prices,99.999,23
2026-08-28,metal-detector-prices,99.999,23
2026-08-30,metal-detector-prices,99.999,23
2026-08-31,metal-detector-prices,99.999,23
2026-09-01,metal-detector-prices,99.999,23
2026-09-02,metal-detector-prices,99.999,23
2026-09-03,metal-detector-prices,99.999,23
2026-09-04,metal-detector-prices,99.999,23
2026-09-05,metal-detector-prices,99.713,23
2026-09-06,metal-detector-prices,99.713,23
2026-09-07,metal-detector-prices,99.713,23
2026-09-08,metal-detector-prices,99.713,23
2026-09-09,metal-detector-prices,99.713,23
2026-09-11,metal-detector-prices,99.713,23
2026-09-12,metal-detector-prices,99.713,23
2026-09-13,metal-detector-prices,99.713,23
2026-09-14,metal-detector-prices,99.713,23
2026-09-15,metal-detector-prices,99.713,23
2026-09-16,metal-detector-prices,99.713,23
2026-09-17,metal-detector-prices,99.713,23
2026-09-19,metal-detector-prices,99.713,23
2026-09-20,metal-detector-prices,99.713,23
2026-09-21,metal-detector-prices,99.713,23
2026-09-22,metal-detector-prices,99.713,23
2026-09-23,metal-detector-prices,99.285,23
2026-09-24,metal-detector-prices,99.285,23
2026-09-25,metal-detector-prices,99.285,23
2026-09-26,metal-detector-prices,99.246,23
2026-09-27,metal-detector-prices,99.252,23
2026-09-28,metal-detector-prices,99.252,23
2026-08-07,pizza-oven-prices,100.000,12
2026-08-08,pizza-oven-prices,100.000,12
2026-08-09,pizza-oven-prices,100.000,12
2026-08-10,pizza-oven-prices,100.000,12
2026-08-11,pizza-oven-prices,100.000,12
2026-08-12,pizza-oven-prices,100.000,12
2026-08-14,pizza-oven-prices,100.000,12
2026-08-15,pizza-oven-prices,100.000,12
2026-08-16,pizza-oven-prices,100.000,12
2026-08-17,pizza-oven-prices,100.000,12
2026-08-18,pizza-oven-prices,100.000,12
2026-08-19,pizza-oven-prices,100.000,12
2026-08-20,pizza-oven-prices,100.000,12
2026-08-21,pizza-oven-prices,100.000,12
2026-08-22,pizza-oven-prices,100.000,12
2026-08-23,pizza-oven-prices,100.000,12
2026-08-24,pizza-oven-prices,100.000,12
2026-08-25,pizza-oven-prices,100.000,12
2026-08-26,pizza-oven-prices,100.000,12
2026-08-27,pizza-oven-prices,100.000,12
2026-08-28,pizza-oven-prices,100.000,12
2026-08-30,pizza-oven-prices,100.000,12
2026-08-31,pizza-oven-prices,100.000,12
2026-09-01,pizza-oven-prices,100.000,12
2026-09-02,pizza-oven-prices,100.000,12
2026-09-03,pizza-oven-prices,100.000,12
2026-09-04,pizza-oven-prices,100.000,12
2026-09-05,pizza-oven-prices,100.000,12
2026-09-06,pizza-oven-prices,100.000,12
2026-09-07,pizza-oven-prices,99.737,12
2026-09-08,pizza-oven-prices,100.036,12
2026-09-09,pizza-oven-prices,100.036,12
2026-09-11,pizza-oven-prices,98.925,12
2026-09-12,pizza-oven-prices,98.925,12
2026-09-13,pizza-oven-prices,98.925,12
2026-09-14,pizza-oven-prices,98.925,12
2026-09-15,pizza-oven-prices,98.925,12
2026-09-16,pizza-oven-prices,98.925,12
2026-09-17,pizza-oven-prices,98.925,12
2026-09-19,pizza-oven-prices,98.925,12
2026-09-20,pizza-oven-prices,98.925,12
2026-09-21,pizza-oven-prices,98.925,12
2026-09-22,pizza-oven-prices,98.925,12
2026-09-23,pizza-oven-prices,100.674,12
2026-09-24,pizza-oven-prices,100.674,12
2026-09-25,pizza-oven-prices,100.674,12
2026-09-26,pizza-oven-prices,100.674,12
2026-09-27,pizza-oven-prices,100.674,12
2026-09-28,pizza-oven-prices,99.258,12
2026-08-07,drone-prices,100.000,19
2026-08-08,drone-prices,99.785,19
2026-08-09,drone-prices,99.628,19
2026-08-10,drone-prices,99.458,19
2026-08-11,drone-prices,100.051,19
2026-08-12,drone-prices,99.329,19
2026-08-14,drone-prices,100.056,19
2026-08-15,drone-prices,100.056,19
2026-08-16,drone-prices,99.989,19
2026-08-17,drone-prices,99.989,19
2026-08-18,drone-prices,99.889,19
2026-08-19,drone-prices,99.057,19
2026-08-20,drone-prices,99.918,19
2026-08-21,drone-prices,99.918,19
2026-08-22,drone-prices,99.836,19
2026-08-23,drone-prices,99.999,19
2026-08-24,drone-prices,99.731,19
2026-08-25,drone-prices,100.489,19
2026-08-26,drone-prices,99.949,19
2026-08-27,drone-prices,99.731,19
2026-08-28,drone-prices,99.038,19
2026-08-30,drone-prices,99.865,19
2026-08-31,drone-prices,100.805,19
2026-09-01,drone-prices,100.741,19
2026-09-02,drone-prices,100.741,19
2026-09-03,drone-prices,101.838,19
2026-09-04,drone-prices,102.017,19
2026-09-05,drone-prices,101.763,19
2026-09-06,drone-prices,101.745,19
2026-09-07,drone-prices,101.815,19
2026-09-08,drone-prices,101.680,19
2026-09-09,drone-prices,101.592,19
2026-09-11,drone-prices,101.865,19
2026-09-12,drone-prices,102.060,19
2026-09-13,drone-prices,102.060,19
2026-09-14,drone-prices,101.904,19
2026-09-15,drone-prices,101.460,19
2026-09-16,drone-prices,101.109,19
2026-09-17,drone-prices,101.109,19
2026-09-19,drone-prices,99.241,19
2026-09-20,drone-prices,99.241,19
2026-09-21,drone-prices,99.793,19
2026-09-22,drone-prices,98.641,19
2026-09-23,drone-prices,97.600,19
2026-09-24,drone-prices,97.650,19
2026-09-25,drone-prices,96.404,19
2026-09-26,drone-prices,96.545,19
2026-09-27,drone-prices,96.338,19
2026-09-28,drone-prices,99.276,19
2026-08-07,sewing-machine-prices,100.000,24
2026-08-08,sewing-machine-prices,100.000,24
2026-08-09,sewing-machine-prices,100.000,24
2026-08-10,sewing-machine-prices,100.000,24
2026-08-11,sewing-machine-prices,100.000,24
2026-08-12,sewing-machine-prices,99.452,24
2026-08-14,sewing-machine-prices,99.452,24
2026-08-15,sewing-machine-prices,99.452,24
2026-08-16,sewing-machine-prices,99.742,24
2026-08-17,sewing-machine-prices,99.742,24
2026-08-18,sewing-machine-prices,99.742,24
2026-08-19,sewing-machine-prices,99.742,24
2026-08-20,sewing-machine-prices,99.742,24
2026-08-21,sewing-machine-prices,99.742,24
2026-08-22,sewing-machine-prices,99.742,24
2026-08-23,sewing-machine-prices,99.742,24
2026-08-24,sewing-machine-prices,99.042,24
2026-08-25,sewing-machine-prices,98.795,24
2026-08-26,sewing-machine-prices,98.795,24
2026-08-27,sewing-machine-prices,98.795,24
2026-08-28,sewing-machine-prices,98.795,24
2026-08-30,sewing-machine-prices,98.198,24
2026-08-31,sewing-machine-prices,98.454,24
2026-09-01,sewing-machine-prices,98.454,24
2026-09-02,sewing-machine-prices,98.454,24
2026-09-03,sewing-machine-prices,98.454,24
2026-09-04,sewing-machine-prices,98.454,24
2026-09-05,sewing-machine-prices,98.454,24
2026-09-06,sewing-machine-prices,98.454,24
2026-09-07,sewing-machine-prices,98.454,24
2026-09-08,sewing-machine-prices,98.454,24
2026-09-09,sewing-machine-prices,98.454,24
2026-09-11,sewing-machine-prices,98.454,24
2026-09-12,sewing-machine-prices,98.454,24
2026-09-13,sewing-machine-prices,98.454,24
2026-09-14,sewing-machine-prices,98.454,24
2026-09-15,sewing-machine-prices,99.097,24
2026-09-16,sewing-machine-prices,99.097,24
2026-09-17,sewing-machine-prices,99.097,24
2026-09-19,sewing-machine-prices,99.097,24
2026-09-20,sewing-machine-prices,99.097,24
2026-09-21,sewing-machine-prices,99.097,24
2026-09-22,sewing-machine-prices,99.097,24
2026-09-23,sewing-machine-prices,99.514,24
2026-09-24,sewing-machine-prices,99.514,24
2026-09-25,sewing-machine-prices,99.514,24
2026-09-26,sewing-machine-prices,99.514,24
2026-09-27,sewing-machine-prices,99.280,24
2026-09-28,sewing-machine-prices,99.280,24
2026-08-07,designer-sunglasses-prices,100.000,25
2026-08-08,designer-sunglasses-prices,100.000,25
2026-08-09,designer-sunglasses-prices,100.000,25
2026-08-10,designer-sunglasses-prices,100.000,25
2026-08-11,designer-sunglasses-prices,99.939,25
2026-08-12,designer-sunglasses-prices,100.048,25
2026-08-14,designer-sunglasses-prices,100.167,25
2026-08-15,designer-sunglasses-prices,100.155,25
2026-08-16,designer-sunglasses-prices,100.166,25
2026-08-17,designer-sunglasses-prices,100.476,25
2026-08-18,designer-sunglasses-prices,100.141,25
2026-08-19,designer-sunglasses-prices,100.141,25
2026-08-20,designer-sunglasses-prices,100.178,25
2026-08-21,designer-sunglasses-prices,100.178,25
2026-08-22,designer-sunglasses-prices,99.773,25
2026-08-23,designer-sunglasses-prices,99.773,25
2026-08-24,designer-sunglasses-prices,99.773,25
2026-08-25,designer-sunglasses-prices,99.773,25
2026-08-26,designer-sunglasses-prices,99.773,25
2026-08-27,designer-sunglasses-prices,99.742,25
2026-08-28,designer-sunglasses-prices,100.188,25
2026-08-30,designer-sunglasses-prices,100.363,25
2026-08-31,designer-sunglasses-prices,100.363,25
2026-09-01,designer-sunglasses-prices,100.093,25
2026-09-02,designer-sunglasses-prices,99.776,25
2026-09-03,designer-sunglasses-prices,100.200,25
2026-09-04,designer-sunglasses-prices,100.390,25
2026-09-05,designer-sunglasses-prices,100.165,25
2026-09-06,designer-sunglasses-prices,100.165,25
2026-09-07,designer-sunglasses-prices,100.269,25
2026-09-08,designer-sunglasses-prices,100.269,25
2026-09-09,designer-sunglasses-prices,99.993,25
2026-09-11,designer-sunglasses-prices,99.988,25
2026-09-12,designer-sunglasses-prices,99.988,25
2026-09-13,designer-sunglasses-prices,99.988,25
2026-09-14,designer-sunglasses-prices,99.993,25
2026-09-15,designer-sunglasses-prices,99.742,25
2026-09-16,designer-sunglasses-prices,99.795,25
2026-09-17,designer-sunglasses-prices,99.795,25
2026-09-19,designer-sunglasses-prices,99.216,25
2026-09-20,designer-sunglasses-prices,99.274,25
2026-09-21,designer-sunglasses-prices,99.274,25
2026-09-22,designer-sunglasses-prices,99.354,25
2026-09-23,designer-sunglasses-prices,99.353,25
2026-09-24,designer-sunglasses-prices,99.353,25
2026-09-25,designer-sunglasses-prices,99.324,25
2026-09-26,designer-sunglasses-prices,99.082,25
2026-09-27,designer-sunglasses-prices,99.100,25
2026-09-28,designer-sunglasses-prices,99.318,25
2026-08-07,microphone-prices,100.000,41
2026-08-08,microphone-prices,100.000,41
2026-08-09,microphone-prices,100.419,41
2026-08-10,microphone-prices,100.194,41
2026-08-11,microphone-prices,100.582,41
2026-08-12,microphone-prices,100.079,41
2026-08-14,microphone-prices,99.389,41
2026-08-15,microphone-prices,99.174,41
2026-08-16,microphone-prices,99.320,41
2026-08-17,microphone-prices,99.320,41
2026-08-18,microphone-prices,99.741,41
2026-08-19,microphone-prices,99.700,41
2026-08-20,microphone-prices,99.700,41
2026-08-21,microphone-prices,99.366,41
2026-08-22,microphone-prices,99.247,41
2026-08-23,microphone-prices,99.247,41
2026-08-24,microphone-prices,98.370,41
2026-08-25,microphone-prices,98.905,41
2026-08-26,microphone-prices,98.561,41
2026-08-27,microphone-prices,98.561,41
2026-08-28,microphone-prices,98.561,41
2026-08-30,microphone-prices,97.954,41
2026-08-31,microphone-prices,97.495,41
2026-09-01,microphone-prices,98.400,41
2026-09-02,microphone-prices,98.400,41
2026-09-03,microphone-prices,97.236,41
2026-09-04,microphone-prices,96.884,41
2026-09-05,microphone-prices,98.012,41
2026-09-06,microphone-prices,98.012,41
2026-09-07,microphone-prices,98.012,41
2026-09-08,microphone-prices,98.012,41
2026-09-09,microphone-prices,98.015,41
2026-09-11,microphone-prices,98.139,41
2026-09-12,microphone-prices,98.139,41
2026-09-13,microphone-prices,97.887,41
2026-09-14,microphone-prices,97.887,41
2026-09-15,microphone-prices,98.683,41
2026-09-16,microphone-prices,98.669,41
2026-09-17,microphone-prices,98.669,41
2026-09-19,microphone-prices,98.242,41
2026-09-20,microphone-prices,98.465,41
2026-09-21,microphone-prices,98.465,41
2026-09-22,microphone-prices,98.321,41
2026-09-23,microphone-prices,100.348,41
2026-09-24,microphone-prices,100.242,41
2026-09-25,microphone-prices,99.402,41
2026-09-26,microphone-prices,100.378,41
2026-09-27,microphone-prices,99.416,41
2026-09-28,microphone-prices,99.344,41
2026-08-07,designer-handbag-prices,100.000,40
2026-08-08,designer-handbag-prices,99.981,40
2026-08-09,designer-handbag-prices,100.023,40
2026-08-10,designer-handbag-prices,100.145,40
2026-08-11,designer-handbag-prices,99.949,40
2026-08-12,designer-handbag-prices,99.893,40
2026-08-14,designer-handbag-prices,99.704,40
2026-08-15,designer-handbag-prices,99.982,40
2026-08-16,designer-handbag-prices,99.665,40
2026-08-17,designer-handbag-prices,100.279,40
2026-08-18,designer-handbag-prices,99.703,40
2026-08-19,designer-handbag-prices,99.952,40
2026-08-20,designer-handbag-prices,99.866,40
2026-08-21,designer-handbag-prices,99.835,40
2026-08-22,designer-handbag-prices,99.832,40
2026-08-23,designer-handbag-prices,99.796,40
2026-08-24,designer-handbag-prices,99.796,40
2026-08-25,designer-handbag-prices,99.736,40
2026-08-26,designer-handbag-prices,99.836,40
2026-08-27,designer-handbag-prices,99.833,40
2026-08-28,designer-handbag-prices,99.833,40
2026-08-30,designer-handbag-prices,99.938,40
2026-08-31,designer-handbag-prices,99.938,40
2026-09-01,designer-handbag-prices,99.825,40
2026-09-02,designer-handbag-prices,99.825,40
2026-09-03,designer-handbag-prices,100.346,40
2026-09-04,designer-handbag-prices,99.982,40
2026-09-05,designer-handbag-prices,99.661,40
2026-09-06,designer-handbag-prices,99.702,40
2026-09-07,designer-handbag-prices,99.730,40
2026-09-08,designer-handbag-prices,100.041,40
2026-09-09,designer-handbag-prices,99.663,40
2026-09-11,designer-handbag-prices,99.447,40
2026-09-12,designer-handbag-prices,99.558,40
2026-09-13,designer-handbag-prices,99.505,40
2026-09-14,designer-handbag-prices,99.433,40
2026-09-15,designer-handbag-prices,99.813,40
2026-09-16,designer-handbag-prices,99.795,40
2026-09-17,designer-handbag-prices,99.796,40
2026-09-19,designer-handbag-prices,99.591,40
2026-09-20,designer-handbag-prices,100.066,40
2026-09-21,designer-handbag-prices,100.012,40
2026-09-22,designer-handbag-prices,99.843,40
2026-09-23,designer-handbag-prices,99.759,40
2026-09-24,designer-handbag-prices,99.776,40
2026-09-25,designer-handbag-prices,99.806,40
2026-09-26,designer-handbag-prices,99.671,40
2026-09-27,designer-handbag-prices,99.413,40
2026-09-28,designer-handbag-prices,99.393,40
2026-08-07,fishing-reel-prices,100.000,29
2026-08-08,fishing-reel-prices,99.894,29
2026-08-09,fishing-reel-prices,101.117,29
2026-08-10,fishing-reel-prices,101.107,29
2026-08-11,fishing-reel-prices,101.111,29
2026-08-12,fishing-reel-prices,101.275,29
2026-08-14,fishing-reel-prices,102.778,29
2026-08-15,fishing-reel-prices,99.439,29
2026-08-16,fishing-reel-prices,103.438,29
2026-08-17,fishing-reel-prices,103.538,29
2026-08-18,fishing-reel-prices,103.250,29
2026-08-19,fishing-reel-prices,104.105,29
2026-08-20,fishing-reel-prices,106.421,29
2026-08-21,fishing-reel-prices,106.703,29
2026-08-22,fishing-reel-prices,106.067,29
2026-08-23,fishing-reel-prices,106.057,29
2026-08-24,fishing-reel-prices,102.886,29
2026-08-25,fishing-reel-prices,99.272,29
2026-08-26,fishing-reel-prices,97.403,29
2026-08-27,fishing-reel-prices,96.606,29
2026-08-28,fishing-reel-prices,97.339,29
2026-08-30,fishing-reel-prices,100.170,29
2026-08-31,fishing-reel-prices,100.610,29
2026-09-01,fishing-reel-prices,102.954,29
2026-09-02,fishing-reel-prices,105.020,29
2026-09-03,fishing-reel-prices,105.180,29
2026-09-04,fishing-reel-prices,106.547,29
2026-09-05,fishing-reel-prices,106.846,29
2026-09-06,fishing-reel-prices,106.440,29
2026-09-07,fishing-reel-prices,106.215,29
2026-09-08,fishing-reel-prices,104.456,29
2026-09-09,fishing-reel-prices,104.477,29
2026-09-11,fishing-reel-prices,103.479,29
2026-09-12,fishing-reel-prices,102.223,29
2026-09-13,fishing-reel-prices,102.094,29
2026-09-14,fishing-reel-prices,102.266,29
2026-09-15,fishing-reel-prices,101.831,29
2026-09-16,fishing-reel-prices,101.169,29
2026-09-17,fishing-reel-prices,101.114,29
2026-09-19,fishing-reel-prices,101.027,29
2026-09-20,fishing-reel-prices,102.599,29
2026-09-21,fishing-reel-prices,100.571,29
2026-09-22,fishing-reel-prices,102.191,29
2026-09-23,fishing-reel-prices,101.959,29
2026-09-24,fishing-reel-prices,100.532,29
2026-09-25,fishing-reel-prices,103.457,29
2026-09-26,fishing-reel-prices,101.772,29
2026-09-27,fishing-reel-prices,99.625,29
2026-09-28,fishing-reel-prices,99.600,29
2026-08-07,used-soundbar-prices,100.000,17
2026-08-14,used-soundbar-prices,100.000,17
2026-08-15,used-soundbar-prices,100.000,17
2026-08-16,used-soundbar-prices,100.000,17
2026-08-17,used-soundbar-prices,100.000,17
2026-08-18,used-soundbar-prices,100.000,17
2026-08-19,used-soundbar-prices,100.000,17
2026-08-20,used-soundbar-prices,100.000,17
2026-08-21,used-soundbar-prices,100.000,17
2026-08-22,used-soundbar-prices,100.000,17
2026-08-23,used-soundbar-prices,100.000,17
2026-08-24,used-soundbar-prices,100.000,17
2026-08-25,used-soundbar-prices,100.000,17
2026-08-26,used-soundbar-prices,100.000,17
2026-08-27,used-soundbar-prices,100.000,17
2026-08-28,used-soundbar-prices,100.000,17
2026-08-30,used-soundbar-prices,99.435,17
2026-08-31,used-soundbar-prices,99.435,17
2026-09-01,used-soundbar-prices,99.435,17
2026-09-02,used-soundbar-prices,99.435,17
2026-09-03,used-soundbar-prices,99.435,17
2026-09-04,used-soundbar-prices,99.741,17
2026-09-05,used-soundbar-prices,99.741,17
2026-09-06,used-soundbar-prices,99.451,17
2026-09-07,used-soundbar-prices,99.728,17
2026-09-08,used-soundbar-prices,99.728,17
2026-09-09,used-soundbar-prices,99.728,17
2026-09-11,used-soundbar-prices,99.728,17
2026-09-12,used-soundbar-prices,99.728,17
2026-09-13,used-soundbar-prices,99.603,17
2026-09-14,used-soundbar-prices,99.603,17
2026-09-15,used-soundbar-prices,99.366,17
2026-09-16,used-soundbar-prices,98.982,17
2026-09-17,used-soundbar-prices,98.982,17
2026-09-19,used-soundbar-prices,99.455,17
2026-09-20,used-soundbar-prices,99.455,17
2026-09-21,used-soundbar-prices,99.455,17
2026-09-22,used-soundbar-prices,99.455,17
2026-09-23,used-soundbar-prices,99.455,17
2026-09-24,used-soundbar-prices,99.455,17
2026-09-25,used-soundbar-prices,99.654,17
2026-09-26,used-soundbar-prices,99.246,17
2026-09-27,used-soundbar-prices,99.628,17
2026-09-28,used-soundbar-prices,99.628,17
2026-08-07,studio-monitor-prices,100.000,41
2026-08-08,studio-monitor-prices,100.000,41
2026-08-09,studio-monitor-prices,100.000,41
2026-08-10,studio-monitor-prices,100.000,41
2026-08-11,studio-monitor-prices,100.000,41
2026-08-12,studio-monitor-prices,99.802,41
2026-08-14,studio-monitor-prices,99.802,41
2026-08-15,studio-monitor-prices,99.802,41
2026-08-16,studio-monitor-prices,99.802,41
2026-08-17,studio-monitor-prices,99.802,41
2026-08-18,studio-monitor-prices,99.802,41
2026-08-19,studio-monitor-prices,99.802,41
2026-08-20,studio-monitor-prices,99.802,41
2026-08-21,studio-monitor-prices,99.802,41
2026-08-22,studio-monitor-prices,99.802,41
2026-08-23,studio-monitor-prices,99.802,41
2026-08-24,studio-monitor-prices,99.802,41
2026-08-25,studio-monitor-prices,99.802,41
2026-08-26,studio-monitor-prices,99.802,41
2026-08-27,studio-monitor-prices,99.802,41
2026-08-28,studio-monitor-prices,99.802,41
2026-08-30,studio-monitor-prices,99.802,41
2026-08-31,studio-monitor-prices,99.802,41
2026-09-01,studio-monitor-prices,99.802,41
2026-09-02,studio-monitor-prices,99.802,41
2026-09-03,studio-monitor-prices,99.708,41
2026-09-04,studio-monitor-prices,99.708,41
2026-09-05,studio-monitor-prices,99.708,41
2026-09-06,studio-monitor-prices,99.708,41
2026-09-07,studio-monitor-prices,99.708,41
2026-09-08,studio-monitor-prices,99.708,41
2026-09-09,studio-monitor-prices,99.708,41
2026-09-11,studio-monitor-prices,99.708,41
2026-09-12,studio-monitor-prices,99.708,41
2026-09-13,studio-monitor-prices,99.708,41
2026-09-14,studio-monitor-prices,99.708,41
2026-09-15,studio-monitor-prices,99.708,41
2026-09-16,studio-monitor-prices,99.708,41
2026-09-17,studio-monitor-prices,99.708,41
2026-09-19,studio-monitor-prices,99.708,41
2026-09-20,studio-monitor-prices,99.708,41
2026-09-21,studio-monitor-prices,99.708,41
2026-09-22,studio-monitor-prices,99.708,41
2026-09-23,studio-monitor-prices,99.708,41
2026-09-24,studio-monitor-prices,99.708,41
2026-09-25,studio-monitor-prices,99.708,41
2026-09-26,studio-monitor-prices,99.708,41
2026-09-27,studio-monitor-prices,99.708,41
2026-09-28,studio-monitor-prices,99.708,41
2026-08-07,film-camera-prices,100.000,42
2026-08-08,film-camera-prices,99.023,42
2026-08-09,film-camera-prices,99.064,42
2026-08-10,film-camera-prices,99.182,42
2026-08-11,film-camera-prices,99.196,42
2026-08-12,film-camera-prices,100.017,42
2026-08-14,film-camera-prices,101.107,42
2026-08-15,film-camera-prices,101.233,42
2026-08-16,film-camera-prices,100.131,42
2026-08-17,film-camera-prices,101.156,42
2026-08-18,film-camera-prices,101.160,42
2026-08-19,film-camera-prices,101.539,42
2026-08-20,film-camera-prices,101.921,42
2026-08-21,film-camera-prices,101.267,42
2026-08-22,film-camera-prices,101.267,42
2026-08-23,film-camera-prices,101.003,42
2026-08-24,film-camera-prices,101.003,42
2026-08-25,film-camera-prices,101.003,42
2026-08-26,film-camera-prices,99.851,42
2026-08-27,film-camera-prices,100.209,42
2026-08-28,film-camera-prices,100.209,42
2026-08-30,film-camera-prices,100.621,42
2026-08-31,film-camera-prices,101.334,42
2026-09-01,film-camera-prices,101.100,42
2026-09-02,film-camera-prices,99.940,42
2026-09-03,film-camera-prices,99.940,42
2026-09-04,film-camera-prices,99.208,42
2026-09-05,film-camera-prices,100.487,42
2026-09-06,film-camera-prices,99.800,42
2026-09-07,film-camera-prices,100.039,42
2026-09-08,film-camera-prices,99.875,42
2026-09-09,film-camera-prices,99.875,42
2026-09-11,film-camera-prices,99.432,42
2026-09-12,film-camera-prices,99.179,42
2026-09-13,film-camera-prices,99.161,42
2026-09-14,film-camera-prices,99.161,42
2026-09-15,film-camera-prices,98.696,42
2026-09-16,film-camera-prices,97.746,42
2026-09-17,film-camera-prices,97.746,42
2026-09-19,film-camera-prices,98.238,42
2026-09-20,film-camera-prices,98.401,42
2026-09-21,film-camera-prices,98.401,42
2026-09-22,film-camera-prices,98.401,42
2026-09-23,film-camera-prices,98.401,42
2026-09-24,film-camera-prices,98.947,42
2026-09-25,film-camera-prices,98.957,42
2026-09-26,film-camera-prices,99.468,42
2026-09-27,film-camera-prices,99.724,42
2026-09-28,film-camera-prices,99.724,42
2026-08-07,chainsaw-prices,100.000,22
2026-08-08,chainsaw-prices,100.000,22
2026-08-09,chainsaw-prices,100.514,22
2026-08-10,chainsaw-prices,100.514,22
2026-08-11,chainsaw-prices,100.514,22
2026-08-12,chainsaw-prices,100.514,22
2026-08-14,chainsaw-prices,100.514,22
2026-08-15,chainsaw-prices,100.268,22
2026-08-16,chainsaw-prices,100.268,22
2026-08-17,chainsaw-prices,100.268,22
2026-08-18,chainsaw-prices,100.268,22
2026-08-19,chainsaw-prices,99.925,22
2026-08-20,chainsaw-prices,99.925,22
2026-08-21,chainsaw-prices,99.925,22
2026-08-22,chainsaw-prices,99.925,22
2026-08-23,chainsaw-prices,99.925,22
2026-08-24,chainsaw-prices,99.925,22
2026-08-25,chainsaw-prices,99.925,22
2026-08-26,chainsaw-prices,99.917,22
2026-08-27,chainsaw-prices,99.917,22
2026-08-28,chainsaw-prices,99.917,22
2026-08-30,chainsaw-prices,99.882,22
2026-08-31,chainsaw-prices,99.882,22
2026-09-01,chainsaw-prices,99.882,22
2026-09-02,chainsaw-prices,99.882,22
2026-09-03,chainsaw-prices,99.882,22
2026-09-04,chainsaw-prices,99.882,22
2026-09-05,chainsaw-prices,99.664,22
2026-09-06,chainsaw-prices,100.251,22
2026-09-07,chainsaw-prices,100.251,22
2026-09-08,chainsaw-prices,100.087,22
2026-09-09,chainsaw-prices,100.092,22
2026-09-11,chainsaw-prices,99.690,22
2026-09-12,chainsaw-prices,99.679,22
2026-09-13,chainsaw-prices,99.679,22
2026-09-14,chainsaw-prices,99.679,22
2026-09-15,chainsaw-prices,99.679,22
2026-09-16,chainsaw-prices,99.679,22
2026-09-17,chainsaw-prices,99.679,22
2026-09-19,chainsaw-prices,99.674,22
2026-09-20,chainsaw-prices,99.674,22
2026-09-21,chainsaw-prices,99.674,22
2026-09-22,chainsaw-prices,99.674,22
2026-09-23,chainsaw-prices,99.664,22
2026-09-24,chainsaw-prices,99.639,22
2026-09-25,chainsaw-prices,99.605,22
2026-09-26,chainsaw-prices,99.604,22
2026-09-27,chainsaw-prices,99.764,22
2026-09-28,chainsaw-prices,99.764,22
2026-08-07,headphone-prices,100.000,29
2026-08-08,headphone-prices,100.000,29
2026-08-09,headphone-prices,100.041,29
2026-08-10,headphone-prices,100.041,29
2026-08-11,headphone-prices,100.041,29
2026-08-12,headphone-prices,99.822,29
2026-08-14,headphone-prices,98.928,29
2026-08-15,headphone-prices,98.669,29
2026-08-16,headphone-prices,98.200,29
2026-08-17,headphone-prices,98.200,29
2026-08-18,headphone-prices,98.198,29
2026-08-19,headphone-prices,98.198,29
2026-08-20,headphone-prices,98.198,29
2026-08-21,headphone-prices,96.966,29
2026-08-22,headphone-prices,96.966,29
2026-08-23,headphone-prices,96.966,29
2026-08-24,headphone-prices,96.879,29
2026-08-25,headphone-prices,97.140,29
2026-08-26,headphone-prices,97.320,29
2026-08-27,headphone-prices,96.943,29
2026-08-28,headphone-prices,96.943,29
2026-08-30,headphone-prices,97.653,29
2026-08-31,headphone-prices,98.026,29
2026-09-01,headphone-prices,97.702,29
2026-09-02,headphone-prices,97.831,29
2026-09-03,headphone-prices,97.150,29
2026-09-04,headphone-prices,97.150,29
2026-09-05,headphone-prices,97.474,29
2026-09-06,headphone-prices,97.298,29
2026-09-07,headphone-prices,97.298,29
2026-09-08,headphone-prices,97.298,29
2026-09-09,headphone-prices,97.298,29
2026-09-11,headphone-prices,99.469,29
2026-09-12,headphone-prices,99.469,29
2026-09-13,headphone-prices,99.469,29
2026-09-14,headphone-prices,99.469,29
2026-09-15,headphone-prices,99.865,29
2026-09-16,headphone-prices,99.394,29
2026-09-17,headphone-prices,99.296,29
2026-09-19,headphone-prices,99.399,29
2026-09-20,headphone-prices,99.200,29
2026-09-21,headphone-prices,99.200,29
2026-09-22,headphone-prices,99.200,29
2026-09-23,headphone-prices,99.176,29
2026-09-24,headphone-prices,100.085,29
2026-09-25,headphone-prices,100.067,29
2026-09-26,headphone-prices,99.815,29
2026-09-27,headphone-prices,99.843,29
2026-09-28,headphone-prices,99.792,29
2026-08-07,espresso-machine-prices,100.000,29
2026-08-08,espresso-machine-prices,99.986,29
2026-08-09,espresso-machine-prices,100.004,29
2026-08-10,espresso-machine-prices,100.004,29
2026-08-11,espresso-machine-prices,100.004,29
2026-08-12,espresso-machine-prices,100.148,29
2026-08-14,espresso-machine-prices,100.148,29
2026-08-15,espresso-machine-prices,100.148,29
2026-08-16,espresso-machine-prices,99.779,29
2026-08-17,espresso-machine-prices,100.149,29
2026-08-18,espresso-machine-prices,100.149,29
2026-08-19,espresso-machine-prices,100.149,29
2026-08-20,espresso-machine-prices,100.147,29
2026-08-21,espresso-machine-prices,100.196,29
2026-08-22,espresso-machine-prices,100.196,29
2026-08-23,espresso-machine-prices,100.196,29
2026-08-24,espresso-machine-prices,100.196,29
2026-08-25,espresso-machine-prices,100.196,29
2026-08-26,espresso-machine-prices,100.189,29
2026-08-27,espresso-machine-prices,100.189,29
2026-08-28,espresso-machine-prices,100.178,29
2026-08-30,espresso-machine-prices,100.146,29
2026-08-31,espresso-machine-prices,100.146,29
2026-09-01,espresso-machine-prices,100.146,29
2026-09-02,espresso-machine-prices,100.146,29
2026-09-03,espresso-machine-prices,100.146,29
2026-09-04,espresso-machine-prices,100.291,29
2026-09-05,espresso-machine-prices,100.291,29
2026-09-06,espresso-machine-prices,100.291,29
2026-09-07,espresso-machine-prices,100.291,29
2026-09-08,espresso-machine-prices,100.291,29
2026-09-09,espresso-machine-prices,100.291,29
2026-09-11,espresso-machine-prices,100.088,29
2026-09-12,espresso-machine-prices,100.088,29
2026-09-13,espresso-machine-prices,100.095,29
2026-09-14,espresso-machine-prices,100.702,29
2026-09-15,espresso-machine-prices,100.552,29
2026-09-16,espresso-machine-prices,100.552,29
2026-09-17,espresso-machine-prices,100.552,29
2026-09-19,espresso-machine-prices,100.538,29
2026-09-20,espresso-machine-prices,100.542,29
2026-09-21,espresso-machine-prices,100.542,29
2026-09-22,espresso-machine-prices,100.542,29
2026-09-23,espresso-machine-prices,101.154,29
2026-09-24,espresso-machine-prices,99.574,29
2026-09-25,espresso-machine-prices,99.962,29
2026-09-26,espresso-machine-prices,99.962,29
2026-09-27,espresso-machine-prices,99.966,29
2026-09-28,espresso-machine-prices,99.862,29
2026-08-07,used-exercise-bike-prices,100.000,18
2026-08-08,used-exercise-bike-prices,100.000,18
2026-08-09,used-exercise-bike-prices,100.000,18
2026-08-10,used-exercise-bike-prices,100.000,18
2026-08-11,used-exercise-bike-prices,100.000,18
2026-08-12,used-exercise-bike-prices,100.000,18
2026-08-14,used-exercise-bike-prices,100.000,18
2026-08-15,used-exercise-bike-prices,100.000,18
2026-08-16,used-exercise-bike-prices,100.000,18
2026-08-17,used-exercise-bike-prices,100.000,18
2026-08-18,used-exercise-bike-prices,100.000,18
2026-08-19,used-exercise-bike-prices,100.000,18
2026-08-20,used-exercise-bike-prices,100.000,18
2026-08-21,used-exercise-bike-prices,100.000,18
2026-08-22,used-exercise-bike-prices,100.000,18
2026-08-23,used-exercise-bike-prices,100.000,18
2026-08-24,used-exercise-bike-prices,100.909,18
2026-08-25,used-exercise-bike-prices,100.909,18
2026-08-26,used-exercise-bike-prices,100.909,18
2026-08-27,used-exercise-bike-prices,100.909,18
2026-08-28,used-exercise-bike-prices,100.909,18
2026-08-30,used-exercise-bike-prices,99.890,18
2026-08-31,used-exercise-bike-prices,99.890,18
2026-09-01,used-exercise-bike-prices,99.890,18
2026-09-02,used-exercise-bike-prices,99.890,18
2026-09-03,used-exercise-bike-prices,99.890,18
2026-09-04,used-exercise-bike-prices,99.890,18
2026-09-05,used-exercise-bike-prices,99.890,18
2026-09-06,used-exercise-bike-prices,99.890,18
2026-09-07,used-exercise-bike-prices,99.890,18
2026-09-08,used-exercise-bike-prices,99.890,18
2026-09-09,used-exercise-bike-prices,99.890,18
2026-09-11,used-exercise-bike-prices,99.890,18
2026-09-12,used-exercise-bike-prices,99.890,18
2026-09-13,used-exercise-bike-prices,99.890,18
2026-09-14,used-exercise-bike-prices,99.890,18
2026-09-15,used-exercise-bike-prices,99.890,18
2026-09-16,used-exercise-bike-prices,99.890,18
2026-09-17,used-exercise-bike-prices,99.890,18
2026-09-19,used-exercise-bike-prices,99.890,18
2026-09-20,used-exercise-bike-prices,99.890,18
2026-09-21,used-exercise-bike-prices,99.890,18
2026-09-22,used-exercise-bike-prices,99.890,18
2026-09-23,used-exercise-bike-prices,99.890,18
2026-09-24,used-exercise-bike-prices,99.890,18
2026-09-25,used-exercise-bike-prices,99.890,18
2026-09-26,used-exercise-bike-prices,99.890,18
2026-09-27,used-exercise-bike-prices,99.890,18
2026-09-28,used-exercise-bike-prices,99.890,18
2026-08-07,used-apple-watch-prices,100.000,11
2026-09-27,used-apple-watch-prices,100.000,11
2026-09-28,used-apple-watch-prices,100.000,11
2026-08-07,vr-headset-prices,100.000,10
2026-09-27,vr-headset-prices,99.999,10
2026-09-28,vr-headset-prices,100.020,10
2026-08-07,robot-vacuum-prices,100.000,29
2026-08-08,robot-vacuum-prices,100.000,29
2026-08-09,robot-vacuum-prices,99.804,29
2026-08-10,robot-vacuum-prices,99.804,29
2026-08-11,robot-vacuum-prices,99.804,29
2026-08-12,robot-vacuum-prices,99.804,29
2026-08-14,robot-vacuum-prices,99.804,29
2026-08-15,robot-vacuum-prices,99.804,29
2026-08-16,robot-vacuum-prices,99.804,29
2026-08-17,robot-vacuum-prices,99.804,29
2026-08-18,robot-vacuum-prices,99.804,29
2026-08-19,robot-vacuum-prices,99.804,29
2026-08-20,robot-vacuum-prices,99.626,29
2026-08-21,robot-vacuum-prices,99.626,29
2026-08-22,robot-vacuum-prices,99.626,29
2026-08-23,robot-vacuum-prices,99.647,29
2026-08-24,robot-vacuum-prices,100.753,29
2026-08-25,robot-vacuum-prices,100.753,29
2026-08-26,robot-vacuum-prices,100.753,29
2026-08-27,robot-vacuum-prices,100.753,29
2026-08-28,robot-vacuum-prices,100.753,29
2026-08-30,robot-vacuum-prices,100.731,29
2026-08-31,robot-vacuum-prices,100.731,29
2026-09-01,robot-vacuum-prices,100.731,29
2026-09-02,robot-vacuum-prices,100.731,29
2026-09-03,robot-vacuum-prices,100.697,29
2026-09-04,robot-vacuum-prices,100.736,29
2026-09-05,robot-vacuum-prices,100.736,29
2026-09-06,robot-vacuum-prices,100.736,29
2026-09-07,robot-vacuum-prices,100.736,29
2026-09-08,robot-vacuum-prices,100.736,29
2026-09-09,robot-vacuum-prices,100.609,29
2026-09-11,robot-vacuum-prices,101.318,29
2026-09-12,robot-vacuum-prices,101.318,29
2026-09-13,robot-vacuum-prices,101.318,29
2026-09-14,robot-vacuum-prices,101.318,29
2026-09-15,robot-vacuum-prices,100.401,29
2026-09-16,robot-vacuum-prices,100.401,29
2026-09-17,robot-vacuum-prices,100.401,29
2026-09-19,robot-vacuum-prices,100.121,29
2026-09-20,robot-vacuum-prices,100.121,29
2026-09-21,robot-vacuum-prices,100.121,29
2026-09-22,robot-vacuum-prices,100.121,29
2026-09-23,robot-vacuum-prices,100.121,29
2026-09-24,robot-vacuum-prices,100.121,29
2026-09-25,robot-vacuum-prices,100.121,29
2026-09-26,robot-vacuum-prices,100.121,29
2026-09-27,robot-vacuum-prices,100.121,29
2026-09-28,robot-vacuum-prices,100.121,29
2026-08-07,sneaker-prices,100.000,41
2026-08-08,sneaker-prices,100.000,41
2026-08-09,sneaker-prices,100.043,41
2026-08-10,sneaker-prices,100.043,41
2026-08-11,sneaker-prices,100.043,41
2026-08-12,sneaker-prices,100.155,41
2026-08-14,sneaker-prices,100.122,41
2026-08-15,sneaker-prices,100.088,41
2026-08-16,sneaker-prices,100.066,41
2026-08-17,sneaker-prices,100.084,41
2026-08-18,sneaker-prices,100.084,41
2026-08-19,sneaker-prices,100.084,41
2026-08-20,sneaker-prices,100.131,41
2026-08-21,sneaker-prices,100.105,41
2026-08-22,sneaker-prices,100.105,41
2026-08-23,sneaker-prices,99.982,41
2026-08-24,sneaker-prices,100.102,41
2026-08-25,sneaker-prices,100.169,41
2026-08-26,sneaker-prices,100.181,41
2026-08-27,sneaker-prices,100.254,41
2026-08-28,sneaker-prices,100.229,41
2026-08-30,sneaker-prices,100.229,41
2026-08-31,sneaker-prices,100.229,41
2026-09-01,sneaker-prices,100.211,41
2026-09-02,sneaker-prices,100.155,41
2026-09-03,sneaker-prices,100.193,41
2026-09-04,sneaker-prices,100.072,41
2026-09-05,sneaker-prices,100.185,41
2026-09-06,sneaker-prices,100.146,41
2026-09-07,sneaker-prices,100.146,41
2026-09-08,sneaker-prices,100.146,41
2026-09-09,sneaker-prices,100.315,41
2026-09-11,sneaker-prices,100.127,41
2026-09-12,sneaker-prices,100.113,41
2026-09-13,sneaker-prices,100.133,41
2026-09-14,sneaker-prices,100.133,41
2026-09-15,sneaker-prices,100.171,41
2026-09-16,sneaker-prices,100.032,41
2026-09-17,sneaker-prices,100.049,41
2026-09-19,sneaker-prices,100.009,41
2026-09-20,sneaker-prices,100.061,41
2026-09-21,sneaker-prices,100.061,41
2026-09-22,sneaker-prices,100.061,41
2026-09-23,sneaker-prices,100.061,41
2026-09-24,sneaker-prices,100.055,41
2026-09-25,sneaker-prices,100.052,41
2026-09-26,sneaker-prices,100.142,41
2026-09-27,sneaker-prices,100.142,41
2026-09-28,sneaker-prices,100.142,41
2026-08-07,fitbit-prices,100.000,19
2026-09-27,fitbit-prices,100.591,19
2026-09-28,fitbit-prices,100.224,19
2026-08-07,turntable-prices,100.000,27
2026-08-08,turntable-prices,100.000,27
2026-08-09,turntable-prices,100.000,27
2026-08-10,turntable-prices,100.000,27
2026-08-11,turntable-prices,100.000,27
2026-08-12,turntable-prices,100.194,27
2026-08-14,turntable-prices,100.194,27
2026-08-15,turntable-prices,100.414,27
2026-08-16,turntable-prices,100.414,27
2026-08-17,turntable-prices,100.414,27
2026-08-18,turntable-prices,100.414,27
2026-08-19,turntable-prices,100.414,27
2026-08-20,turntable-prices,100.414,27
2026-08-21,turntable-prices,100.443,27
2026-08-22,turntable-prices,99.470,27
2026-08-23,turntable-prices,99.470,27
2026-08-24,turntable-prices,99.454,27
2026-08-25,turntable-prices,99.454,27
2026-08-26,turntable-prices,99.450,27
2026-08-27,turntable-prices,99.978,27
2026-08-28,turntable-prices,99.960,27
2026-08-30,turntable-prices,99.960,27
2026-08-31,turntable-prices,99.960,27
2026-09-01,turntable-prices,99.779,27
2026-09-02,turntable-prices,99.779,27
2026-09-03,turntable-prices,99.779,27
2026-09-04,turntable-prices,99.602,27
2026-09-05,turntable-prices,100.009,27
2026-09-06,turntable-prices,99.989,27
2026-09-07,turntable-prices,99.821,27
2026-09-08,turntable-prices,99.821,27
2026-09-09,turntable-prices,99.343,27
2026-09-11,turntable-prices,100.080,27
2026-09-12,turntable-prices,100.052,27
2026-09-13,turntable-prices,100.027,27
2026-09-14,turntable-prices,100.027,27
2026-09-15,turntable-prices,100.027,27
2026-09-16,turntable-prices,99.976,27
2026-09-17,turntable-prices,99.976,27
2026-09-19,turntable-prices,99.767,27
2026-09-20,turntable-prices,99.770,27
2026-09-21,turntable-prices,99.770,27
2026-09-22,turntable-prices,99.770,27
2026-09-23,turntable-prices,99.962,27
2026-09-24,turntable-prices,99.955,27
2026-09-25,turntable-prices,99.955,27
2026-09-26,turntable-prices,100.256,27
2026-09-27,turntable-prices,100.256,27
2026-09-28,turntable-prices,100.256,27
2026-08-07,used-telescope-prices,100.000,25
2026-08-08,used-telescope-prices,100.000,25
2026-08-09,used-telescope-prices,100.000,25
2026-08-10,used-telescope-prices,100.000,25
2026-08-11,used-telescope-prices,100.300,25
2026-08-12,used-telescope-prices,100.300,25
2026-08-14,used-telescope-prices,100.300,25
2026-08-15,used-telescope-prices,100.300,25
2026-08-16,used-telescope-prices,100.300,25
2026-08-17,used-telescope-prices,100.300,25
2026-08-18,used-telescope-prices,100.300,25
2026-08-19,used-telescope-prices,100.300,25
2026-08-20,used-telescope-prices,100.300,25
2026-08-21,used-telescope-prices,100.300,25
2026-08-22,used-telescope-prices,100.300,25
2026-08-23,used-telescope-prices,100.300,25
2026-08-24,used-telescope-prices,100.300,25
2026-08-25,used-telescope-prices,100.300,25
2026-08-26,used-telescope-prices,100.300,25
2026-08-27,used-telescope-prices,100.300,25
2026-08-28,used-telescope-prices,100.300,25
2026-08-30,used-telescope-prices,100.300,25
2026-08-31,used-telescope-prices,100.300,25
2026-09-01,used-telescope-prices,100.300,25
2026-09-02,used-telescope-prices,100.300,25
2026-09-03,used-telescope-prices,100.300,25
2026-09-04,used-telescope-prices,100.300,25
2026-09-05,used-telescope-prices,100.300,25
2026-09-06,used-telescope-prices,100.300,25
2026-09-07,used-telescope-prices,100.300,25
2026-09-08,used-telescope-prices,100.300,25
2026-09-09,used-telescope-prices,100.300,25
2026-09-11,used-telescope-prices,100.300,25
2026-09-12,used-telescope-prices,100.300,25
2026-09-13,used-telescope-prices,100.300,25
2026-09-14,used-telescope-prices,100.300,25
2026-09-15,used-telescope-prices,100.300,25
2026-09-16,used-telescope-prices,100.300,25
2026-09-17,used-telescope-prices,100.300,25
2026-09-19,used-telescope-prices,100.300,25
2026-09-20,used-telescope-prices,100.300,25
2026-09-21,used-telescope-prices,100.300,25
2026-09-22,used-telescope-prices,100.300,25
2026-09-23,used-telescope-prices,100.300,25
2026-09-24,used-telescope-prices,100.300,25
2026-09-25,used-telescope-prices,100.300,25
2026-09-26,used-telescope-prices,100.300,25
2026-09-27,used-telescope-prices,100.300,25
2026-09-28,used-telescope-prices,100.300,25
2026-08-07,used-airpods-prices,100.000,8
2026-08-08,used-airpods-prices,100.000,8
2026-08-09,used-airpods-prices,100.890,8
2026-08-10,used-airpods-prices,100.890,8
2026-08-11,used-airpods-prices,99.491,8
2026-08-12,used-airpods-prices,99.491,8
2026-08-14,used-airpods-prices,99.065,8
2026-08-15,used-airpods-prices,100.089,8
2026-08-16,used-airpods-prices,99.308,8
2026-08-17,used-airpods-prices,99.308,8
2026-08-18,used-airpods-prices,99.308,8
2026-08-19,used-airpods-prices,99.997,8
2026-08-20,used-airpods-prices,99.930,8
2026-08-21,used-airpods-prices,99.651,8
2026-08-22,used-airpods-prices,98.343,8
2026-08-23,used-airpods-prices,98.343,8
2026-08-24,used-airpods-prices,98.343,8
2026-08-25,used-airpods-prices,99.459,8
2026-08-26,used-airpods-prices,99.804,8
2026-08-27,used-airpods-prices,99.467,8
2026-08-28,used-airpods-prices,99.949,8
2026-08-30,used-airpods-prices,99.482,8
2026-08-31,used-airpods-prices,101.221,8
2026-09-01,used-airpods-prices,100.545,8
2026-09-02,used-airpods-prices,101.263,8
2026-09-03,used-airpods-prices,99.605,8
2026-09-04,used-airpods-prices,100.435,8
2026-09-05,used-airpods-prices,100.998,8
2026-09-06,used-airpods-prices,100.990,8
2026-09-07,used-airpods-prices,101.044,8
2026-09-08,used-airpods-prices,99.512,8
2026-09-09,used-airpods-prices,99.197,8
2026-09-11,used-airpods-prices,99.597,8
2026-09-12,used-airpods-prices,98.818,8
2026-09-13,used-airpods-prices,98.818,8
2026-09-14,used-airpods-prices,99.505,8
2026-09-15,used-airpods-prices,100.268,8
2026-09-16,used-airpods-prices,99.432,8
2026-09-17,used-airpods-prices,100.124,8
2026-09-19,used-airpods-prices,99.464,8
2026-09-20,used-airpods-prices,99.464,8
2026-09-21,used-airpods-prices,99.464,8
2026-09-22,used-airpods-prices,99.464,8
2026-09-23,used-airpods-prices,101.327,8
2026-09-24,used-airpods-prices,101.264,8
2026-09-25,used-airpods-prices,101.782,8
2026-09-26,used-airpods-prices,99.658,8
2026-09-27,used-airpods-prices,99.658,8
2026-09-28,used-airpods-prices,100.352,8
2026-08-07,used-business-laptop-prices,100.000,42
2026-08-08,used-business-laptop-prices,100.354,42
2026-08-09,used-business-laptop-prices,100.431,42
2026-08-10,used-business-laptop-prices,100.534,42
2026-08-11,used-business-laptop-prices,100.451,42
2026-08-12,used-business-laptop-prices,101.307,42
2026-08-14,used-business-laptop-prices,101.755,42
2026-08-15,used-business-laptop-prices,102.062,42
2026-08-16,used-business-laptop-prices,101.767,42
2026-08-17,used-business-laptop-prices,101.851,42
2026-08-18,used-business-laptop-prices,101.851,42
2026-08-19,used-business-laptop-prices,101.483,42
2026-08-20,used-business-laptop-prices,101.399,42
2026-08-21,used-business-laptop-prices,101.809,42
2026-08-22,used-business-laptop-prices,101.804,42
2026-08-23,used-business-laptop-prices,101.347,42
2026-08-24,used-business-laptop-prices,101.347,42
2026-08-25,used-business-laptop-prices,101.450,42
2026-08-26,used-business-laptop-prices,101.311,42
2026-08-27,used-business-laptop-prices,100.896,42
2026-08-28,used-business-laptop-prices,100.901,42
2026-08-30,used-business-laptop-prices,100.550,42
2026-08-31,used-business-laptop-prices,100.950,42
2026-09-01,used-business-laptop-prices,101.819,42
2026-09-02,used-business-laptop-prices,101.895,42
2026-09-03,used-business-laptop-prices,101.561,42
2026-09-04,used-business-laptop-prices,101.541,42
2026-09-05,used-business-laptop-prices,101.337,42
2026-09-06,used-business-laptop-prices,101.334,42
2026-09-07,used-business-laptop-prices,101.508,42
2026-09-08,used-business-laptop-prices,101.438,42
2026-09-09,used-business-laptop-prices,101.449,42
2026-09-11,used-business-laptop-prices,102.011,42
2026-09-12,used-business-laptop-prices,101.843,42
2026-09-13,used-business-laptop-prices,101.864,42
2026-09-14,used-business-laptop-prices,101.960,42
2026-09-15,used-business-laptop-prices,101.881,42
2026-09-16,used-business-laptop-prices,101.629,42
2026-09-17,used-business-laptop-prices,101.629,42
2026-09-19,used-business-laptop-prices,101.294,42
2026-09-20,used-business-laptop-prices,101.268,42
2026-09-21,used-business-laptop-prices,101.387,42
2026-09-22,used-business-laptop-prices,100.972,42
2026-09-23,used-business-laptop-prices,100.804,42
2026-09-24,used-business-laptop-prices,100.297,42
2026-09-25,used-business-laptop-prices,100.119,42
2026-09-26,used-business-laptop-prices,100.319,42
2026-09-27,used-business-laptop-prices,100.731,42
2026-09-28,used-business-laptop-prices,100.575,42
2026-08-07,used-guitar-amp-prices,100.000,40
2026-08-08,used-guitar-amp-prices,100.000,40
2026-08-09,used-guitar-amp-prices,99.987,40
2026-08-10,used-guitar-amp-prices,99.987,40
2026-08-11,used-guitar-amp-prices,99.987,40
2026-08-12,used-guitar-amp-prices,99.987,40
2026-08-14,used-guitar-amp-prices,100.139,40
2026-08-15,used-guitar-amp-prices,100.074,40
2026-08-16,used-guitar-amp-prices,100.074,40
2026-08-17,used-guitar-amp-prices,101.310,40
2026-08-18,used-guitar-amp-prices,101.310,40
2026-08-19,used-guitar-amp-prices,101.310,40
2026-08-20,used-guitar-amp-prices,101.308,40
2026-08-21,used-guitar-amp-prices,101.308,40
2026-08-22,used-guitar-amp-prices,101.308,40
2026-08-23,used-guitar-amp-prices,101.308,40
2026-08-24,used-guitar-amp-prices,101.308,40
2026-08-25,used-guitar-amp-prices,101.307,40
2026-08-26,used-guitar-amp-prices,101.307,40
2026-08-27,used-guitar-amp-prices,101.307,40
2026-08-28,used-guitar-amp-prices,101.307,40
2026-08-30,used-guitar-amp-prices,101.245,40
2026-08-31,used-guitar-amp-prices,101.245,40
2026-09-01,used-guitar-amp-prices,101.245,40
2026-09-02,used-guitar-amp-prices,101.245,40
2026-09-03,used-guitar-amp-prices,101.270,40
2026-09-04,used-guitar-amp-prices,101.093,40
2026-09-05,used-guitar-amp-prices,101.093,40
2026-09-06,used-guitar-amp-prices,101.093,40
2026-09-07,used-guitar-amp-prices,101.093,40
2026-09-08,used-guitar-amp-prices,101.093,40
2026-09-09,used-guitar-amp-prices,101.093,40
2026-09-11,used-guitar-amp-prices,101.093,40
2026-09-12,used-guitar-amp-prices,101.093,40
2026-09-13,used-guitar-amp-prices,101.093,40
2026-09-14,used-guitar-amp-prices,101.093,40
2026-09-15,used-guitar-amp-prices,100.644,40
2026-09-16,used-guitar-amp-prices,100.587,40
2026-09-17,used-guitar-amp-prices,100.571,40
2026-09-19,used-guitar-amp-prices,100.533,40
2026-09-20,used-guitar-amp-prices,100.533,40
2026-09-21,used-guitar-amp-prices,100.526,40
2026-09-22,used-guitar-amp-prices,100.512,40
2026-09-23,used-guitar-amp-prices,100.492,40
2026-09-24,used-guitar-amp-prices,100.492,40
2026-09-25,used-guitar-amp-prices,100.492,40
2026-09-26,used-guitar-amp-prices,100.479,40
2026-09-27,used-guitar-amp-prices,100.521,40
2026-09-28,used-guitar-amp-prices,100.592,40
2026-08-07,used-security-camera-prices,100.000,21
2026-08-08,used-security-camera-prices,97.511,21
2026-08-09,used-security-camera-prices,99.397,21
2026-08-10,used-security-camera-prices,92.696,21
2026-08-11,used-security-camera-prices,87.998,21
2026-08-12,used-security-camera-prices,87.205,21
2026-08-14,used-security-camera-prices,92.454,21
2026-08-15,used-security-camera-prices,92.454,21
2026-08-16,used-security-camera-prices,92.454,21
2026-08-17,used-security-camera-prices,94.059,21
2026-08-18,used-security-camera-prices,93.882,21
2026-08-19,used-security-camera-prices,93.882,21
2026-08-20,used-security-camera-prices,94.821,21
2026-08-21,used-security-camera-prices,93.909,21
2026-08-22,used-security-camera-prices,94.848,21
2026-08-23,used-security-camera-prices,94.267,21
2026-08-24,used-security-camera-prices,97.578,21
2026-08-25,used-security-camera-prices,97.764,21
2026-08-26,used-security-camera-prices,97.411,21
2026-08-27,used-security-camera-prices,91.149,21
2026-08-28,used-security-camera-prices,94.526,21
2026-08-30,used-security-camera-prices,97.034,21
2026-08-31,used-security-camera-prices,94.352,21
2026-09-01,used-security-camera-prices,100.434,21
2026-09-02,used-security-camera-prices,100.445,21
2026-09-03,used-security-camera-prices,93.762,21
2026-09-04,used-security-camera-prices,89.604,21
2026-09-05,used-security-camera-prices,92.108,21
2026-09-06,used-security-camera-prices,94.070,21
2026-09-07,used-security-camera-prices,94.070,21
2026-09-08,used-security-camera-prices,93.547,21
2026-09-09,used-security-camera-prices,93.547,21
2026-09-11,used-security-camera-prices,92.172,21
2026-09-12,used-security-camera-prices,93.589,21
2026-09-13,used-security-camera-prices,93.589,21
2026-09-14,used-security-camera-prices,93.070,21
2026-09-15,used-security-camera-prices,95.642,21
2026-09-16,used-security-camera-prices,91.400,21
2026-09-17,used-security-camera-prices,96.076,21
2026-09-19,used-security-camera-prices,90.747,21
2026-09-20,used-security-camera-prices,90.747,21
2026-09-21,used-security-camera-prices,94.005,21
2026-09-22,used-security-camera-prices,96.596,21
2026-09-23,used-security-camera-prices,103.023,21
2026-09-24,used-security-camera-prices,103.023,21
2026-09-25,used-security-camera-prices,93.667,21
2026-09-26,used-security-camera-prices,102.970,21
2026-09-27,used-security-camera-prices,99.763,21
2026-09-28,used-security-camera-prices,100.595,21
2026-08-07,used-treadmill-prices,100.000,34
2026-08-15,used-treadmill-prices,100.000,34
2026-08-16,used-treadmill-prices,100.000,34
2026-08-17,used-treadmill-prices,100.000,34
2026-08-18,used-treadmill-prices,100.000,34
2026-08-19,used-treadmill-prices,100.000,34
2026-08-20,used-treadmill-prices,100.000,34
2026-08-21,used-treadmill-prices,100.000,34
2026-08-22,used-treadmill-prices,100.000,34
2026-08-23,used-treadmill-prices,100.000,34
2026-08-24,used-treadmill-prices,100.000,34
2026-08-25,used-treadmill-prices,100.000,34
2026-08-26,used-treadmill-prices,100.000,34
2026-08-27,used-treadmill-prices,100.000,34
2026-08-28,used-treadmill-prices,100.000,34
2026-08-30,used-treadmill-prices,100.000,34
2026-08-31,used-treadmill-prices,100.000,34
2026-09-01,used-treadmill-prices,100.000,34
2026-09-02,used-treadmill-prices,100.000,34
2026-09-03,used-treadmill-prices,100.000,34
2026-09-04,used-treadmill-prices,100.000,34
2026-09-05,used-treadmill-prices,100.000,34
2026-09-06,used-treadmill-prices,100.000,34
2026-09-07,used-treadmill-prices,100.000,34
2026-09-08,used-treadmill-prices,100.000,34
2026-09-09,used-treadmill-prices,100.000,34
2026-09-11,used-treadmill-prices,100.000,34
2026-09-12,used-treadmill-prices,100.000,34
2026-09-13,used-treadmill-prices,100.000,34
2026-09-14,used-treadmill-prices,100.000,34
2026-09-15,used-treadmill-prices,100.000,34
2026-09-16,used-treadmill-prices,100.000,34
2026-09-17,used-treadmill-prices,100.000,34
2026-09-19,used-treadmill-prices,100.000,34
2026-09-20,used-treadmill-prices,100.000,34
2026-09-21,used-treadmill-prices,100.000,34
2026-09-22,used-treadmill-prices,100.000,34
2026-09-23,used-treadmill-prices,100.636,34
2026-09-24,used-treadmill-prices,100.636,34
2026-09-25,used-treadmill-prices,100.636,34
2026-09-26,used-treadmill-prices,100.636,34
2026-09-27,used-treadmill-prices,100.636,34
2026-09-28,used-treadmill-prices,100.636,34
2026-08-07,binocular-prices,100.000,22
2026-08-08,binocular-prices,99.978,22
2026-08-09,binocular-prices,100.020,22
2026-08-10,binocular-prices,100.151,22
2026-08-11,binocular-prices,100.151,22
2026-08-12,binocular-prices,99.950,22
2026-08-14,binocular-prices,100.013,22
2026-08-15,binocular-prices,100.001,22
2026-08-16,binocular-prices,100.032,22
2026-08-17,binocular-prices,100.032,22
2026-08-18,binocular-prices,100.032,22
2026-08-19,binocular-prices,99.975,22
2026-08-20,binocular-prices,99.975,22
2026-08-21,binocular-prices,99.764,22
2026-08-22,binocular-prices,99.939,22
2026-08-23,binocular-prices,99.953,22
2026-08-24,binocular-prices,99.953,22
2026-08-25,binocular-prices,99.853,22
2026-08-26,binocular-prices,99.853,22
2026-08-27,binocular-prices,99.853,22
2026-08-28,binocular-prices,99.853,22
2026-08-30,binocular-prices,100.146,22
2026-08-31,binocular-prices,100.146,22
2026-09-01,binocular-prices,100.373,22
2026-09-02,binocular-prices,100.373,22
2026-09-03,binocular-prices,100.423,22
2026-09-04,binocular-prices,99.955,22
2026-09-05,binocular-prices,99.955,22
2026-09-06,binocular-prices,99.955,22
2026-09-07,binocular-prices,99.955,22
2026-09-08,binocular-prices,99.955,22
2026-09-09,binocular-prices,99.955,22
2026-09-11,binocular-prices,99.443,22
2026-09-12,binocular-prices,99.443,22
2026-09-13,binocular-prices,99.443,22
2026-09-14,binocular-prices,99.305,22
2026-09-15,binocular-prices,99.162,22
2026-09-16,binocular-prices,99.162,22
2026-09-17,binocular-prices,99.162,22
2026-09-19,binocular-prices,98.388,22
2026-09-20,binocular-prices,98.388,22
2026-09-21,binocular-prices,98.388,22
2026-09-22,binocular-prices,98.547,22
2026-09-23,binocular-prices,100.340,22
2026-09-24,binocular-prices,100.533,22
2026-09-25,binocular-prices,100.844,22
2026-09-26,binocular-prices,100.766,22
2026-09-27,binocular-prices,100.764,22
2026-09-28,binocular-prices,100.687,22
2026-08-07,networking-gear-prices,100.000,24
2026-08-08,networking-gear-prices,101.613,24
2026-08-09,networking-gear-prices,101.613,24
2026-08-10,networking-gear-prices,101.613,24
2026-08-11,networking-gear-prices,101.613,24
2026-08-12,networking-gear-prices,106.285,24
2026-08-14,networking-gear-prices,105.550,24
2026-08-15,networking-gear-prices,104.608,24
2026-08-16,networking-gear-prices,104.608,24
2026-08-17,networking-gear-prices,104.798,24
2026-08-18,networking-gear-prices,104.798,24
2026-08-19,networking-gear-prices,104.798,24
2026-08-20,networking-gear-prices,100.778,24
2026-08-21,networking-gear-prices,102.741,24
2026-08-22,networking-gear-prices,104.296,24
2026-08-23,networking-gear-prices,101.241,24
2026-08-24,networking-gear-prices,103.575,24
2026-08-25,networking-gear-prices,102.397,24
2026-08-26,networking-gear-prices,106.565,24
2026-08-27,networking-gear-prices,105.082,24
2026-08-28,networking-gear-prices,105.709,24
2026-08-30,networking-gear-prices,105.687,24
2026-08-31,networking-gear-prices,103.235,24
2026-09-01,networking-gear-prices,102.505,24
2026-09-02,networking-gear-prices,103.782,24
2026-09-03,networking-gear-prices,102.168,24
2026-09-04,networking-gear-prices,102.204,24
2026-09-05,networking-gear-prices,102.258,24
2026-09-06,networking-gear-prices,102.228,24
2026-09-07,networking-gear-prices,102.188,24
2026-09-08,networking-gear-prices,102.545,24
2026-09-09,networking-gear-prices,102.866,24
2026-09-11,networking-gear-prices,99.213,24
2026-09-12,networking-gear-prices,99.583,24
2026-09-13,networking-gear-prices,101.486,24
2026-09-14,networking-gear-prices,100.174,24
2026-09-15,networking-gear-prices,100.174,24
2026-09-16,networking-gear-prices,98.906,24
2026-09-17,networking-gear-prices,98.906,24
2026-09-19,networking-gear-prices,98.906,24
2026-09-20,networking-gear-prices,98.286,24
2026-09-21,networking-gear-prices,100.106,24
2026-09-22,networking-gear-prices,100.106,24
2026-09-23,networking-gear-prices,101.348,24
2026-09-24,networking-gear-prices,98.624,24
2026-09-25,networking-gear-prices,100.248,24
2026-09-26,networking-gear-prices,100.248,24
2026-09-27,networking-gear-prices,101.075,24
2026-09-28,networking-gear-prices,101.075,24
2026-08-07,used-printer-prices,100.000,19
2026-08-08,used-printer-prices,100.291,19
2026-08-09,used-printer-prices,100.291,19
2026-08-10,used-printer-prices,100.291,19
2026-08-11,used-printer-prices,100.291,19
2026-08-12,used-printer-prices,99.959,19
2026-08-14,used-printer-prices,99.959,19
2026-08-15,used-printer-prices,99.959,19
2026-08-16,used-printer-prices,99.959,19
2026-08-17,used-printer-prices,99.959,19
2026-08-18,used-printer-prices,99.959,19
2026-08-19,used-printer-prices,99.626,19
2026-08-20,used-printer-prices,99.626,19
2026-08-21,used-printer-prices,99.626,19
2026-08-22,used-printer-prices,99.626,19
2026-08-23,used-printer-prices,99.626,19
2026-08-24,used-printer-prices,99.626,19
2026-08-25,used-printer-prices,98.669,19
2026-08-26,used-printer-prices,99.291,19
2026-08-27,used-printer-prices,99.291,19
2026-08-28,used-printer-prices,99.291,19
2026-08-30,used-printer-prices,98.735,19
2026-08-31,used-printer-prices,98.471,19
2026-09-01,used-printer-prices,98.101,19
2026-09-02,used-printer-prices,98.101,19
2026-09-03,used-printer-prices,97.556,19
2026-09-04,used-printer-prices,97.556,19
2026-09-05,used-printer-prices,97.898,19
2026-09-06,used-printer-prices,97.855,19
2026-09-07,used-printer-prices,97.855,19
2026-09-08,used-printer-prices,98.905,19
2026-09-09,used-printer-prices,98.347,19
2026-09-11,used-printer-prices,99.499,19
2026-09-12,used-printer-prices,99.499,19
2026-09-13,used-printer-prices,99.484,19
2026-09-14,used-printer-prices,99.484,19
2026-09-15,used-printer-prices,99.416,19
2026-09-16,used-printer-prices,100.093,19
2026-09-17,used-printer-prices,100.093,19
2026-09-19,used-printer-prices,100.061,19
2026-09-20,used-printer-prices,100.061,19
2026-09-21,used-printer-prices,100.061,19
2026-09-22,used-printer-prices,101.081,19
2026-09-23,used-printer-prices,101.061,19
2026-09-24,used-printer-prices,101.049,19
2026-09-25,used-printer-prices,100.674,19
2026-09-26,used-printer-prices,101.044,19
2026-09-27,used-printer-prices,101.424,19
2026-09-28,used-printer-prices,101.424,19
2026-08-07,power-station-prices,100.000,25
2026-08-08,power-station-prices,100.046,25
2026-08-09,power-station-prices,100.046,25
2026-08-10,power-station-prices,100.046,25
2026-08-11,power-station-prices,100.046,25
2026-08-12,power-station-prices,99.771,25
2026-08-14,power-station-prices,99.771,25
2026-08-15,power-station-prices,99.771,25
2026-08-16,power-station-prices,99.771,25
2026-08-17,power-station-prices,99.644,25
2026-08-18,power-station-prices,99.644,25
2026-08-19,power-station-prices,99.644,25
2026-08-20,power-station-prices,99.644,25
2026-08-21,power-station-prices,99.644,25
2026-08-22,power-station-prices,99.644,25
2026-08-23,power-station-prices,99.644,25
2026-08-24,power-station-prices,99.644,25
2026-08-25,power-station-prices,99.889,25
2026-08-26,power-station-prices,98.585,25
2026-08-27,power-station-prices,99.010,25
2026-08-28,power-station-prices,99.010,25
2026-08-30,power-station-prices,99.010,25
2026-08-31,power-station-prices,99.010,25
2026-09-01,power-station-prices,99.093,25
2026-09-02,power-station-prices,99.253,25
2026-09-03,power-station-prices,100.994,25
2026-09-04,power-station-prices,100.994,25
2026-09-05,power-station-prices,100.994,25
2026-09-06,power-station-prices,100.994,25
2026-09-07,power-station-prices,100.994,25
2026-09-08,power-station-prices,100.994,25
2026-09-09,power-station-prices,100.994,25
2026-09-11,power-station-prices,100.994,25
2026-09-12,power-station-prices,100.994,25
2026-09-13,power-station-prices,100.994,25
2026-09-14,power-station-prices,100.994,25
2026-09-15,power-station-prices,100.994,25
2026-09-16,power-station-prices,100.994,25
2026-09-17,power-station-prices,100.994,25
2026-09-19,power-station-prices,100.865,25
2026-09-20,power-station-prices,100.865,25
2026-09-21,power-station-prices,100.865,25
2026-09-22,power-station-prices,101.397,25
2026-09-23,power-station-prices,101.484,25
2026-09-24,power-station-prices,101.398,25
2026-09-25,power-station-prices,101.491,25
2026-09-26,power-station-prices,101.491,25
2026-09-27,power-station-prices,101.491,25
2026-09-28,power-station-prices,101.491,25
2026-08-07,stroller-prices,100.000,10
2026-08-08,stroller-prices,99.950,10
2026-08-09,stroller-prices,99.950,10
2026-08-10,stroller-prices,99.950,10
2026-08-11,stroller-prices,97.268,10
2026-08-12,stroller-prices,97.268,10
2026-08-14,stroller-prices,97.268,10
2026-08-15,stroller-prices,97.268,10
2026-08-16,stroller-prices,95.965,10
2026-08-17,stroller-prices,95.965,10
2026-08-18,stroller-prices,95.965,10
2026-08-19,stroller-prices,95.965,10
2026-08-20,stroller-prices,95.965,10
2026-08-21,stroller-prices,98.964,10
2026-08-22,stroller-prices,98.964,10
2026-08-23,stroller-prices,98.964,10
2026-08-24,stroller-prices,98.964,10
2026-08-25,stroller-prices,98.964,10
2026-08-26,stroller-prices,98.964,10
2026-08-27,stroller-prices,98.964,10
2026-08-28,stroller-prices,97.079,10
2026-08-30,stroller-prices,97.079,10
2026-08-31,stroller-prices,97.079,10
2026-09-01,stroller-prices,97.079,10
2026-09-02,stroller-prices,100.113,10
2026-09-03,stroller-prices,99.535,10
2026-09-04,stroller-prices,99.535,10
2026-09-05,stroller-prices,99.535,10
2026-09-06,stroller-prices,99.535,10
2026-09-07,stroller-prices,99.535,10
2026-09-08,stroller-prices,99.535,10
2026-09-09,stroller-prices,100.365,10
2026-09-11,stroller-prices,100.365,10
2026-09-12,stroller-prices,100.365,10
2026-09-13,stroller-prices,100.365,10
2026-09-14,stroller-prices,100.365,10
2026-09-15,stroller-prices,100.365,10
2026-09-16,stroller-prices,100.364,10
2026-09-17,stroller-prices,100.364,10
2026-09-19,stroller-prices,100.365,10
2026-09-20,stroller-prices,100.365,10
2026-09-21,stroller-prices,100.365,10
2026-09-22,stroller-prices,100.365,10
2026-09-23,stroller-prices,101.561,10
2026-09-24,stroller-prices,101.561,10
2026-09-25,stroller-prices,101.561,10
2026-09-26,stroller-prices,101.561,10
2026-09-27,stroller-prices,101.561,10
2026-09-28,stroller-prices,101.561,10
2026-08-07,garmin-watch-prices,100.000,11
2026-08-08,garmin-watch-prices,97.626,11
2026-08-09,garmin-watch-prices,95.576,11
2026-08-10,garmin-watch-prices,95.576,11
2026-08-11,garmin-watch-prices,95.576,11
2026-08-12,garmin-watch-prices,100.054,11
2026-08-14,garmin-watch-prices,98.843,11
2026-08-15,garmin-watch-prices,98.843,11
2026-08-16,garmin-watch-prices,96.561,11
2026-08-17,garmin-watch-prices,100.465,11
2026-08-18,garmin-watch-prices,100.465,11
2026-08-19,garmin-watch-prices,97.744,11
2026-08-20,garmin-watch-prices,95.252,11
2026-08-21,garmin-watch-prices,93.009,11
2026-08-22,garmin-watch-prices,93.546,11
2026-08-23,garmin-watch-prices,94.935,11
2026-08-24,garmin-watch-prices,97.647,11
2026-08-25,garmin-watch-prices,97.647,11
2026-08-26,garmin-watch-prices,98.418,11
2026-08-27,garmin-watch-prices,96.056,11
2026-08-28,garmin-watch-prices,98.540,11
2026-08-30,garmin-watch-prices,99.385,11
2026-08-31,garmin-watch-prices,98.772,11
2026-09-01,garmin-watch-prices,96.908,11
2026-09-02,garmin-watch-prices,98.846,11
2026-09-03,garmin-watch-prices,96.407,11
2026-09-04,garmin-watch-prices,97.319,11
2026-09-05,garmin-watch-prices,94.617,11
2026-09-06,garmin-watch-prices,93.474,11
2026-09-07,garmin-watch-prices,94.628,11
2026-09-08,garmin-watch-prices,94.288,11
2026-09-09,garmin-watch-prices,97.010,11
2026-09-11,garmin-watch-prices,98.710,11
2026-09-12,garmin-watch-prices,98.710,11
2026-09-13,garmin-watch-prices,98.710,11
2026-09-14,garmin-watch-prices,98.107,11
2026-09-15,garmin-watch-prices,98.718,11
2026-09-16,garmin-watch-prices,98.364,11
2026-09-17,garmin-watch-prices,98.364,11
2026-09-19,garmin-watch-prices,95.154,11
2026-09-20,garmin-watch-prices,97.507,11
2026-09-21,garmin-watch-prices,96.573,11
2026-09-22,garmin-watch-prices,102.317,11
2026-09-23,garmin-watch-prices,103.512,11
2026-09-24,garmin-watch-prices,102.259,11
2026-09-25,garmin-watch-prices,102.259,11
2026-09-26,garmin-watch-prices,100.790,11
2026-09-27,garmin-watch-prices,102.519,11
2026-09-28,garmin-watch-prices,101.748,11
2026-08-07,used-google-pixel-prices,100.000,22
2026-08-08,used-google-pixel-prices,100.000,22
2026-08-09,used-google-pixel-prices,100.000,22
2026-08-10,used-google-pixel-prices,100.000,22
2026-08-11,used-google-pixel-prices,100.000,22
2026-08-12,used-google-pixel-prices,100.000,22
2026-08-14,used-google-pixel-prices,100.000,22
2026-08-15,used-google-pixel-prices,100.000,22
2026-08-16,used-google-pixel-prices,100.000,22
2026-08-17,used-google-pixel-prices,100.000,22
2026-08-18,used-google-pixel-prices,100.000,22
2026-08-19,used-google-pixel-prices,102.034,22
2026-08-20,used-google-pixel-prices,98.580,22
2026-08-21,used-google-pixel-prices,98.580,22
2026-08-22,used-google-pixel-prices,94.202,22
2026-08-23,used-google-pixel-prices,97.162,22
2026-08-24,used-google-pixel-prices,97.162,22
2026-08-25,used-google-pixel-prices,97.162,22
2026-08-26,used-google-pixel-prices,96.664,22
2026-08-27,used-google-pixel-prices,96.664,22
2026-08-28,used-google-pixel-prices,93.442,22
2026-08-30,used-google-pixel-prices,94.937,22
2026-08-31,used-google-pixel-prices,94.937,22
2026-09-01,used-google-pixel-prices,93.648,22
2026-09-02,used-google-pixel-prices,93.860,22
2026-09-03,used-google-pixel-prices,88.864,22
2026-09-04,used-google-pixel-prices,92.328,22
2026-09-05,used-google-pixel-prices,92.328,22
2026-09-06,used-google-pixel-prices,92.328,22
2026-09-07,used-google-pixel-prices,92.328,22
2026-09-08,used-google-pixel-prices,96.367,22
2026-09-09,used-google-pixel-prices,92.908,22
2026-09-11,used-google-pixel-prices,97.988,22
2026-09-12,used-google-pixel-prices,99.440,22
2026-09-13,used-google-pixel-prices,94.669,22
2026-09-14,used-google-pixel-prices,94.669,22
2026-09-15,used-google-pixel-prices,90.955,22
2026-09-16,used-google-pixel-prices,91.834,22
2026-09-17,used-google-pixel-prices,88.363,22
2026-09-19,used-google-pixel-prices,95.605,22
2026-09-20,used-google-pixel-prices,95.605,22
2026-09-21,used-google-pixel-prices,95.605,22
2026-09-22,used-google-pixel-prices,99.154,22
2026-09-23,used-google-pixel-prices,99.154,22
2026-09-24,used-google-pixel-prices,105.764,22
2026-09-25,used-google-pixel-prices,104.395,22
2026-09-26,used-google-pixel-prices,101.984,22
2026-09-27,used-google-pixel-prices,102.217,22
2026-09-28,used-google-pixel-prices,101.846,22
2026-08-07,used-gaming-laptop-prices,100.000,11
2026-08-08,used-gaming-laptop-prices,97.110,11
2026-08-09,used-gaming-laptop-prices,99.956,11
2026-08-10,used-gaming-laptop-prices,97.798,11
2026-08-11,used-gaming-laptop-prices,97.038,11
2026-08-12,used-gaming-laptop-prices,97.683,11
2026-08-14,used-gaming-laptop-prices,102.290,11
2026-08-15,used-gaming-laptop-prices,100.408,11
2026-08-16,used-gaming-laptop-prices,94.929,11
2026-08-17,used-gaming-laptop-prices,95.714,11
2026-08-18,used-gaming-laptop-prices,94.728,11
2026-08-19,used-gaming-laptop-prices,95.178,11
2026-08-20,used-gaming-laptop-prices,98.116,11
2026-08-21,used-gaming-laptop-prices,99.960,11
2026-08-22,used-gaming-laptop-prices,98.694,11
2026-08-23,used-gaming-laptop-prices,99.047,11
2026-08-24,used-gaming-laptop-prices,99.150,11
2026-08-25,used-gaming-laptop-prices,100.564,11
2026-08-26,used-gaming-laptop-prices,100.540,11
2026-08-27,used-gaming-laptop-prices,103.338,11
2026-08-28,used-gaming-laptop-prices,102.503,11
2026-08-30,used-gaming-laptop-prices,104.152,11
2026-08-31,used-gaming-laptop-prices,102.704,11
2026-09-01,used-gaming-laptop-prices,103.126,11
2026-09-02,used-gaming-laptop-prices,103.485,11
2026-09-03,used-gaming-laptop-prices,104.097,11
2026-09-04,used-gaming-laptop-prices,104.266,11
2026-09-05,used-gaming-laptop-prices,104.908,11
2026-09-06,used-gaming-laptop-prices,103.849,11
2026-09-07,used-gaming-laptop-prices,103.849,11
2026-09-08,used-gaming-laptop-prices,103.849,11
2026-09-09,used-gaming-laptop-prices,103.849,11
2026-09-11,used-gaming-laptop-prices,102.652,11
2026-09-12,used-gaming-laptop-prices,103.502,11
2026-09-13,used-gaming-laptop-prices,104.853,11
2026-09-14,used-gaming-laptop-prices,102.174,11
2026-09-15,used-gaming-laptop-prices,101.521,11
2026-09-16,used-gaming-laptop-prices,100.469,11
2026-09-17,used-gaming-laptop-prices,100.469,11
2026-09-19,used-gaming-laptop-prices,103.831,11
2026-09-20,used-gaming-laptop-prices,103.784,11
2026-09-21,used-gaming-laptop-prices,103.807,11
2026-09-22,used-gaming-laptop-prices,103.258,11
2026-09-23,used-gaming-laptop-prices,104.542,11
2026-09-24,used-gaming-laptop-prices,103.226,11
2026-09-25,used-gaming-laptop-prices,104.242,11
2026-09-26,used-gaming-laptop-prices,103.478,11
2026-09-27,used-gaming-laptop-prices,103.644,11
2026-09-28,used-gaming-laptop-prices,102.538,11
2026-08-07,generator-prices,100.000,17
2026-08-08,generator-prices,100.000,17
2026-08-09,generator-prices,100.000,17
2026-08-10,generator-prices,100.000,17
2026-08-11,generator-prices,100.000,17
2026-08-12,generator-prices,100.000,17
2026-08-14,generator-prices,100.000,17
2026-08-15,generator-prices,100.000,17
2026-08-16,generator-prices,100.000,17
2026-08-17,generator-prices,99.922,17
2026-08-18,generator-prices,99.922,17
2026-08-19,generator-prices,99.922,17
2026-08-20,generator-prices,99.922,17
2026-08-21,generator-prices,99.922,17
2026-08-22,generator-prices,99.922,17
2026-08-23,generator-prices,99.844,17
2026-08-24,generator-prices,99.687,17
2026-08-25,generator-prices,99.687,17
2026-08-26,generator-prices,99.687,17
2026-08-27,generator-prices,99.609,17
2026-08-28,generator-prices,99.609,17
2026-08-30,generator-prices,99.609,17
2026-08-31,generator-prices,99.609,17
2026-09-01,generator-prices,99.609,17
2026-09-02,generator-prices,99.609,17
2026-09-03,generator-prices,99.609,17
2026-09-04,generator-prices,99.609,17
2026-09-05,generator-prices,99.609,17
2026-09-06,generator-prices,99.609,17
2026-09-07,generator-prices,99.609,17
2026-09-08,generator-prices,99.609,17
2026-09-09,generator-prices,99.609,17
2026-09-11,generator-prices,99.842,17
2026-09-12,generator-prices,99.842,17
2026-09-13,generator-prices,99.842,17
2026-09-14,generator-prices,99.842,17
2026-09-15,generator-prices,99.842,17
2026-09-16,generator-prices,99.842,17
2026-09-17,generator-prices,99.842,17
2026-09-19,generator-prices,99.842,17
2026-09-20,generator-prices,99.842,17
2026-09-21,generator-prices,99.842,17
2026-09-22,generator-prices,99.842,17
2026-09-23,generator-prices,103.367,17
2026-09-24,generator-prices,103.367,17
2026-09-25,generator-prices,103.367,17
2026-09-26,generator-prices,103.367,17
2026-09-27,generator-prices,103.367,17
2026-09-28,generator-prices,103.367,17
2026-08-07,edrum-kit-prices,100.000,19
2026-08-08,edrum-kit-prices,100.000,19
2026-08-09,edrum-kit-prices,100.000,19
2026-08-10,edrum-kit-prices,100.000,19
2026-08-11,edrum-kit-prices,100.000,19
2026-08-12,edrum-kit-prices,102.216,19
2026-08-14,edrum-kit-prices,102.216,19
2026-08-15,edrum-kit-prices,100.640,19
2026-08-16,edrum-kit-prices,101.307,19
2026-08-17,edrum-kit-prices,101.307,19
2026-08-18,edrum-kit-prices,101.285,19
2026-08-19,edrum-kit-prices,101.285,19
2026-08-20,edrum-kit-prices,101.285,19
2026-08-21,edrum-kit-prices,101.285,19
2026-08-22,edrum-kit-prices,101.285,19
2026-08-23,edrum-kit-prices,101.285,19
2026-08-24,edrum-kit-prices,101.285,19
2026-08-25,edrum-kit-prices,101.285,19
2026-08-26,edrum-kit-prices,101.285,19
2026-08-27,edrum-kit-prices,101.285,19
2026-08-28,edrum-kit-prices,101.904,19
2026-08-30,edrum-kit-prices,102.636,19
2026-08-31,edrum-kit-prices,102.636,19
2026-09-01,edrum-kit-prices,102.636,19
2026-09-02,edrum-kit-prices,102.553,19
2026-09-03,edrum-kit-prices,102.553,19
2026-09-04,edrum-kit-prices,102.781,19
2026-09-05,edrum-kit-prices,102.576,19
2026-09-06,edrum-kit-prices,102.307,19
2026-09-07,edrum-kit-prices,102.307,19
2026-09-08,edrum-kit-prices,102.307,19
2026-09-09,edrum-kit-prices,102.307,19
2026-09-11,edrum-kit-prices,103.545,19
2026-09-12,edrum-kit-prices,103.545,19
2026-09-13,edrum-kit-prices,103.552,19
2026-09-14,edrum-kit-prices,103.552,19
2026-09-15,edrum-kit-prices,103.552,19
2026-09-16,edrum-kit-prices,103.552,19
2026-09-17,edrum-kit-prices,103.552,19
2026-09-19,edrum-kit-prices,103.552,19
2026-09-20,edrum-kit-prices,103.552,19
2026-09-21,edrum-kit-prices,103.552,19
2026-09-22,edrum-kit-prices,103.552,19
2026-09-23,edrum-kit-prices,103.552,19
2026-09-24,edrum-kit-prices,103.552,19
2026-09-25,edrum-kit-prices,103.552,19
2026-09-26,edrum-kit-prices,103.552,19
2026-09-27,edrum-kit-prices,103.552,19
2026-09-28,edrum-kit-prices,103.552,19
2026-08-07,lego-set-prices,100.000,44
2026-08-08,lego-set-prices,101.955,44
2026-08-09,lego-set-prices,102.740,44
2026-08-10,lego-set-prices,100.838,44
2026-08-11,lego-set-prices,100.838,44
2026-08-12,lego-set-prices,103.034,44
2026-08-14,lego-set-prices,105.610,44
2026-08-15,lego-set-prices,104.045,44
2026-08-16,lego-set-prices,104.045,44
2026-08-17,lego-set-prices,104.045,44
2026-08-18,lego-set-prices,104.045,44
2026-08-19,lego-set-prices,104.045,44
2026-08-20,lego-set-prices,104.045,44
2026-08-21,lego-set-prices,104.045,44
2026-08-22,lego-set-prices,104.045,44
2026-08-23,lego-set-prices,104.265,44
2026-08-24,lego-set-prices,103.621,44
2026-08-25,lego-set-prices,103.621,44
2026-08-26,lego-set-prices,103.240,44
2026-08-27,lego-set-prices,103.240,44
2026-08-28,lego-set-prices,102.481,44
2026-08-30,lego-set-prices,102.481,44
2026-08-31,lego-set-prices,105.555,44
2026-09-01,lego-set-prices,105.555,44
2026-09-02,lego-set-prices,105.555,44
2026-09-03,lego-set-prices,105.555,44
2026-09-04,lego-set-prices,105.172,44
2026-09-05,lego-set-prices,105.172,44
2026-09-06,lego-set-prices,105.172,44
2026-09-07,lego-set-prices,104.982,44
2026-09-08,lego-set-prices,104.849,44
2026-09-09,lego-set-prices,104.662,44
2026-09-11,lego-set-prices,106.138,44
2026-09-12,lego-set-prices,106.138,44
2026-09-13,lego-set-prices,105.952,44
2026-09-14,lego-set-prices,105.952,44
2026-09-15,lego-set-prices,105.179,44
2026-09-16,lego-set-prices,105.179,44
2026-09-17,lego-set-prices,105.179,44
2026-09-19,lego-set-prices,105.404,44
2026-09-20,lego-set-prices,105.404,44
2026-09-21,lego-set-prices,105.268,44
2026-09-22,lego-set-prices,105.268,44
2026-09-23,lego-set-prices,105.082,44
2026-09-24,lego-set-prices,105.533,44
2026-09-25,lego-set-prices,106.022,44
2026-09-26,lego-set-prices,105.518,44
2026-09-27,lego-set-prices,105.478,44
2026-09-28,lego-set-prices,104.308,44
2026-08-07,used-gpu-prices,100.000,58
2026-08-08,used-gpu-prices,100.529,58
2026-08-09,used-gpu-prices,100.350,58
2026-08-10,used-gpu-prices,100.546,58
2026-08-11,used-gpu-prices,100.644,58
2026-08-12,used-gpu-prices,101.436,58
2026-08-14,used-gpu-prices,101.374,58
2026-08-15,used-gpu-prices,101.411,58
2026-08-16,used-gpu-prices,101.722,58
2026-08-17,used-gpu-prices,101.079,58
2026-08-18,used-gpu-prices,103.105,58
2026-08-19,used-gpu-prices,103.159,58
2026-08-20,used-gpu-prices,103.405,58
2026-08-21,used-gpu-prices,103.042,58
2026-08-22,used-gpu-prices,103.161,58
2026-08-23,used-gpu-prices,103.079,58
2026-08-24,used-gpu-prices,103.259,58
2026-08-25,used-gpu-prices,103.613,58
2026-08-26,used-gpu-prices,103.749,58
2026-08-27,used-gpu-prices,103.310,58
2026-08-28,used-gpu-prices,103.265,58
2026-08-30,used-gpu-prices,103.667,58
2026-08-31,used-gpu-prices,103.259,58
2026-09-01,used-gpu-prices,103.797,58
2026-09-02,used-gpu-prices,104.342,58
2026-09-03,used-gpu-prices,104.212,58
2026-09-04,used-gpu-prices,104.748,58
2026-09-05,used-gpu-prices,104.921,58
2026-09-06,used-gpu-prices,105.080,58
2026-09-07,used-gpu-prices,104.778,58
2026-09-08,used-gpu-prices,105.180,58
2026-09-09,used-gpu-prices,105.046,58
2026-09-11,used-gpu-prices,104.197,58
2026-09-12,used-gpu-prices,105.131,58
2026-09-13,used-gpu-prices,105.306,58
2026-09-14,used-gpu-prices,106.367,58
2026-09-15,used-gpu-prices,106.668,58
2026-09-16,used-gpu-prices,105.916,58
2026-09-17,used-gpu-prices,105.553,58
2026-09-19,used-gpu-prices,105.995,58
2026-09-20,used-gpu-prices,106.316,58
2026-09-21,used-gpu-prices,106.660,58
2026-09-22,used-gpu-prices,106.325,58
2026-09-23,used-gpu-prices,106.616,58
2026-09-24,used-gpu-prices,106.241,58
2026-09-25,used-gpu-prices,106.434,58
2026-09-26,used-gpu-prices,107.095,58
2026-09-27,used-gpu-prices,106.607,58
2026-09-28,used-gpu-prices,107.447,58
2026-08-07,used-macbook-prices,100.000,40
2026-08-08,used-macbook-prices,100.000,40
2026-08-09,used-macbook-prices,100.000,40
2026-08-10,used-macbook-prices,100.176,40
2026-08-11,used-macbook-prices,99.019,40
2026-08-12,used-macbook-prices,103.664,40
2026-08-14,used-macbook-prices,101.278,40
2026-08-15,used-macbook-prices,104.406,40
2026-08-16,used-macbook-prices,103.292,40
2026-08-17,used-macbook-prices,105.734,40
2026-08-18,used-macbook-prices,105.231,40
2026-08-19,used-macbook-prices,103.346,40
2026-08-20,used-macbook-prices,104.597,40
2026-08-21,used-macbook-prices,105.687,40
2026-08-22,used-macbook-prices,103.499,40
2026-08-23,used-macbook-prices,104.976,40
2026-08-24,used-macbook-prices,104.468,40
2026-08-25,used-macbook-prices,103.880,40
2026-08-26,used-macbook-prices,105.168,40
2026-08-27,used-macbook-prices,105.017,40
2026-08-28,used-macbook-prices,104.149,40
2026-08-30,used-macbook-prices,104.315,40
2026-08-31,used-macbook-prices,103.763,40
2026-09-01,used-macbook-prices,106.662,40
2026-09-02,used-macbook-prices,105.714,40
2026-09-03,used-macbook-prices,106.273,40
2026-09-04,used-macbook-prices,108.295,40
2026-09-05,used-macbook-prices,107.927,40
2026-09-06,used-macbook-prices,107.852,40
2026-09-07,used-macbook-prices,107.852,40
2026-09-08,used-macbook-prices,107.852,40
2026-09-09,used-macbook-prices,107.621,40
2026-09-11,used-macbook-prices,107.647,40
2026-09-12,used-macbook-prices,109.405,40
2026-09-13,used-macbook-prices,109.861,40
2026-09-14,used-macbook-prices,110.203,40
2026-09-15,used-macbook-prices,111.733,40
2026-09-16,used-macbook-prices,110.557,40
2026-09-17,used-macbook-prices,109.881,40
2026-09-19,used-macbook-prices,109.302,40
2026-09-20,used-macbook-prices,109.133,40
2026-09-21,used-macbook-prices,110.186,40
2026-09-22,used-macbook-prices,110.564,40
2026-09-23,used-macbook-prices,110.564,40
2026-09-24,used-macbook-prices,110.453,40
2026-09-25,used-macbook-prices,107.814,40
2026-09-26,used-macbook-prices,108.446,40
2026-09-27,used-macbook-prices,107.597,40
2026-09-28,used-macbook-prices,107.592,40
2026-08-07,cordless-drill-prices,100.000,24
2026-08-08,cordless-drill-prices,100.000,24
2026-08-09,cordless-drill-prices,100.000,24
2026-08-10,cordless-drill-prices,98.332,24
2026-08-11,cordless-drill-prices,98.332,24
2026-08-12,cordless-drill-prices,105.534,24
2026-08-14,cordless-drill-prices,105.667,24
2026-08-15,cordless-drill-prices,105.676,24
2026-08-16,cordless-drill-prices,105.925,24
2026-08-17,cordless-drill-prices,105.925,24
2026-08-18,cordless-drill-prices,105.925,24
2026-08-19,cordless-drill-prices,105.925,24
2026-08-20,cordless-drill-prices,105.925,24
2026-08-21,cordless-drill-prices,105.926,24
2026-08-22,cordless-drill-prices,104.632,24
2026-08-23,cordless-drill-prices,107.285,24
2026-08-24,cordless-drill-prices,105.292,24
2026-08-25,cordless-drill-prices,106.737,24
2026-08-26,cordless-drill-prices,106.664,24
2026-08-27,cordless-drill-prices,106.444,24
2026-08-28,cordless-drill-prices,105.303,24
2026-08-30,cordless-drill-prices,105.283,24
2026-08-31,cordless-drill-prices,103.822,24
2026-09-01,cordless-drill-prices,105.982,24
2026-09-02,cordless-drill-prices,105.982,24
2026-09-03,cordless-drill-prices,105.948,24
2026-09-04,cordless-drill-prices,105.994,24
2026-09-05,cordless-drill-prices,104.582,24
2026-09-06,cordless-drill-prices,104.541,24
2026-09-07,cordless-drill-prices,106.874,24
2026-09-08,cordless-drill-prices,107.782,24
2026-09-09,cordless-drill-prices,107.805,24
2026-09-11,cordless-drill-prices,106.212,24
2026-09-12,cordless-drill-prices,105.063,24
2026-09-13,cordless-drill-prices,105.027,24
2026-09-14,cordless-drill-prices,105.027,24
2026-09-15,cordless-drill-prices,106.244,24
2026-09-16,cordless-drill-prices,106.244,24
2026-09-17,cordless-drill-prices,106.244,24
2026-09-19,cordless-drill-prices,106.175,24
2026-09-20,cordless-drill-prices,106.175,24
2026-09-21,cordless-drill-prices,106.175,24
2026-09-22,cordless-drill-prices,106.175,24
2026-09-23,cordless-drill-prices,107.442,24
2026-09-24,cordless-drill-prices,107.442,24
2026-09-25,cordless-drill-prices,109.016,24
2026-09-26,cordless-drill-prices,108.955,24
2026-09-27,cordless-drill-prices,108.001,24
2026-09-28,cordless-drill-prices,108.001,24
2026-08-07,kitchenaid-mixer-prices,100.000,8
2026-08-08,kitchenaid-mixer-prices,100.000,8
2026-08-09,kitchenaid-mixer-prices,100.000,8
2026-08-10,kitchenaid-mixer-prices,100.000,8
2026-08-11,kitchenaid-mixer-prices,100.000,8
2026-08-12,kitchenaid-mixer-prices,100.000,8
2026-08-14,kitchenaid-mixer-prices,100.000,8
2026-08-15,kitchenaid-mixer-prices,100.000,8
2026-08-16,kitchenaid-mixer-prices,100.000,8
2026-08-17,kitchenaid-mixer-prices,100.000,8
2026-08-18,kitchenaid-mixer-prices,100.000,8
2026-08-19,kitchenaid-mixer-prices,100.000,8
2026-08-20,kitchenaid-mixer-prices,100.000,8
2026-08-21,kitchenaid-mixer-prices,100.000,8
2026-08-22,kitchenaid-mixer-prices,100.000,8
2026-08-23,kitchenaid-mixer-prices,100.000,8
2026-08-24,kitchenaid-mixer-prices,100.000,8
2026-08-25,kitchenaid-mixer-prices,100.000,8
2026-08-26,kitchenaid-mixer-prices,100.000,8
2026-08-27,kitchenaid-mixer-prices,100.000,8
2026-08-28,kitchenaid-mixer-prices,100.000,8
2026-08-30,kitchenaid-mixer-prices,100.000,8
2026-08-31,kitchenaid-mixer-prices,100.000,8
2026-09-01,kitchenaid-mixer-prices,100.000,8
2026-09-02,kitchenaid-mixer-prices,100.000,8
2026-09-03,kitchenaid-mixer-prices,100.000,8
2026-09-04,kitchenaid-mixer-prices,100.000,8
2026-09-05,kitchenaid-mixer-prices,95.983,8
2026-09-06,kitchenaid-mixer-prices,95.983,8
2026-09-07,kitchenaid-mixer-prices,95.983,8
2026-09-08,kitchenaid-mixer-prices,100.175,8
2026-09-09,kitchenaid-mixer-prices,100.175,8
2026-09-11,kitchenaid-mixer-prices,100.175,8
2026-09-12,kitchenaid-mixer-prices,100.175,8
2026-09-13,kitchenaid-mixer-prices,100.175,8
2026-09-14,kitchenaid-mixer-prices,98.835,8
2026-09-15,kitchenaid-mixer-prices,103.775,8
2026-09-16,kitchenaid-mixer-prices,103.775,8
2026-09-17,kitchenaid-mixer-prices,103.775,8
2026-09-19,kitchenaid-mixer-prices,103.775,8
2026-09-20,kitchenaid-mixer-prices,103.775,8
2026-09-21,kitchenaid-mixer-prices,103.775,8
2026-09-22,kitchenaid-mixer-prices,103.775,8
2026-09-23,kitchenaid-mixer-prices,111.636,8
2026-09-24,kitchenaid-mixer-prices,111.636,8
2026-09-25,kitchenaid-mixer-prices,109.431,8
2026-09-26,kitchenaid-mixer-prices,109.431,8
2026-09-27,kitchenaid-mixer-prices,109.431,8
2026-09-28,kitchenaid-mixer-prices,109.431,8
